reference;marque
636506;-
587782;GREY GOOSE
706960;LODA
797944;MINUTE MAID
525782;0
751040;-
551101;FLAM'UP
551127;FLAM'UP
757864;SPAAS
757203;SPAAS
550624;FLAM'UP
757260;SPAAS
757286;SPAAS
757302;SPAAS
757328;SPAAS
757369;SPAAS
550566;FLAM'UP
542282;SPAAS
757161;SPAAS
757849;SPAAS
757963;SPAAS
757922;GLADE
747907;SCEL O FRAIS
758227;OSRAM
759001;OSRAM
758987;OSRAM
759043;OSRAM
758722;OSRAM
540385;YEUF
750984;LE PARFAIT
735886;CELD
732602;CELD
799106;DOIGTS NETS
735803;CELD
799122;VU
750661;LE PARFAIT
738666;CELD
736066;CELD
540948;YEUF
540963;YEUF
738583;CELD
738740;CELD
738906;CELD
735662;CELD
736124;CELD
750646;LE PARFAIT
750620;LE PARFAIT
743682;SOPLEIX
533364;-
594887;-
593384;ULMANN
801043;ULMANN
801126;ULMANN
501445;STABILO
868307;POST-IT
801068;ULMANN
801142;STABILO
867440;TIPP-EX
770503;3M
868489;SCOTCH
802769;POST IT
593343;UHU
868125;SYMBIO
738088;EMBAL'SAC
738146;EMBAL'SAC
738120;EMBAL'SAC
742668;JEX
750869;ULTIMA
769489;L'ARBRE VERT
788802;DR. BECKMANN
789081;DR. BECKMANN
790808;DR. BECKMANN
790881;DR. BECKMANN
790907;DR. BECKMANN
702845;ACE
754903;DR. BECKMANN
708602;IDEAL
707521;FEBREZE
742486;FEBREZE
829465;EAU ECARLATE
719062;LA CROIX
706762;BEC
740688;ELEPHANT
740324;ELEPHANT
740340;ELEPHANT
723163;KIWI
723262;KIWI
735241;COBRA
735225;COBRA
755488;CATCH
757823;CATCH
732966;ZENSECT
704700;MIR
704585;MIR
714667;MIR
704601;MIR
748004;MIR
704841;MIR
704825;MIR
717785;NETTYMATIC
704122;X-TRA
702589;GENIE
702605;GENIE
742262;DR. BECKMANN
704148;X-TRA
703082;SUPERCROIX
796144;DASH
796607;DASH
715383;X-TRA
703405;RAINETT
516427;RAINETT
728063;DASH
728048;DASH
714568;LE CHAT
714642;LE CHAT
748848;SKIP
710780;PHENIX
536029;1er Prix
495028;RAINETT
747949;CIF
904029;L'ARBRE VERT
709188;LA CROIX
709204;LA CROIX
709865;SANYTOL
845420;MR PROPRE
710624;CILLIT BANG
754945;SANYTOL
719963;CILLIT BANG
709345;CILLIT BANG
729582;CILLIT BANG
708800;BUHLER
708826;BUHLER
499988;DR. BECKMANN
708909;BUHLER
730069;BONARIA
730085;BONARIA
802140;GLADE
733543;GLADE
733600;GLADE
739565;GLADE
739581;GLADE
739607;GLADE
741108;GLADE
741124;GLADE
732909;GLADE
738989;GLADE
739649;GLADE
741082;GLADE
739623;GLADE
728501;MIEUXA
727602;ACTIFEU
728386;MIEUXA
720086;VITROCLEN
710848;VITROCLEN
732545;CELD
727263;DECAP'FOUR
708966;AQUA
713842;SUN
498329;SUN
713685;SUN
713628;SUN
713644;SUN
714444;SUN
713909;SUN
724260;ACTIFF
727909;L'ARBRE VERT
818906;ACTIFF
531186;CANARD WC
710806;CILLIT BANG
731802;EPARCYL
812024;LA PERDRIX
710343;VIGOR
740381;O'CEDAR
495242;RAINETT
721464;TERRA
721324;O'CEDAR
719724;ACTIFF
711887;1er Prix
542266;MIR
712646;MIR
565226;MIR
565200;MIR
516401;RAINETT
578286;PAIC
592808;PAIC
510545;PAIC
510560;PAIC
510586;PAIC
1388;HEUDEBERT
3046;PASQUIER
2386;CROUSTIA
2147;PAUL HEUMANN
2501;WASA
2642;WASA
2626;WASA
2105;PAUL HEUMANN
3962;DR. KARG'S
83287;TERRES ET CÉRÉALES
27920;LES DÉLICES DE BELLE FRANCE
30445;JARDIN BIO
32201;FREDDI
37143;BELLE FRANCE
33647;FERRERO
27946;LES DÉLICES DE BELLE FRANCE
31542;LES DÉLICES DE BELLE FRANCE
28241;LES DÉLICES DE BELLE FRANCE
30429;LES DÉLICES DE BELLE FRANCE
28183;LES DÉLICES DE BELLE FRANCE
28266;LES DÉLICES DE BELLE FRANCE
27466;WALKERS
27367;JULES DESTROOPER
30841;JULES DESTROOPER
27862;LES DÉLICES DE BELLE FRANCE
19703;BARILLA
9407;LU
10546;LU
28100;BELLE FRANCE
12120;LU
12583;LU
23747;CONTINENTAL BAKERIES
15966;LES DÉLICES DE BELLE FRANCE
33621;SAINT MICHEL
33720;GRANOLA
30742;MICHEL & AUGUSTIN
31245;MICHEL & AUGUSTIN
25262;SAINT MICHEL
31120;LES DÉLICES DE BELLE FRANCE
25288;SAINT MICHEL
29082;SAINT MICHEL
31062;LES DÉLICES DE BELLE FRANCE
31088;LES DÉLICES DE BELLE FRANCE
25163;SAINT MICHEL
27847;LES DÉLICES DE BELLE FRANCE
31104;LES DÉLICES DE BELLE FRANCE
32128;BELLE FRANCE
11585;MAISON FOSSIER
41988;GAVOTTES
31344;BELLE FRANCE
25700;JARDIN BIO
14126;BN
26187;JARDIN BIO
84129;TERRES ET CÉRÉALES BIO
46466;DR OETKER
46128;BELLE FRANCE
7625;BELIN
46722;BELLE FRANCE
46706;BELLE FRANCE
11841;LES DÉLICES DE BELLE FRANCE
11825;LES DÉLICES DE BELLE FRANCE
47027;N.A!
47043;N.A!
45062;GAVOTTES
46367;DR OETKER
18184;BELLE FRANCE
18168;CROC ME
15867;DORITOS
15164;BENENUTS
15362;BELLE FRANCE
15388;DORITOS
15222;DORITOS
15149;DORITOS
15180;DORITOS
19323;PRINGLES
19307;PRINGLES
19281;PRINGLES
19265;PRINGLES
20487;PRINGLES
198267;MAÎTRE PRUNILLE
20602;VICO
295204;1er Prix
295220;1er Prix
295188;1er Prix
296368;LA BALEINE
296228;LE SAUNIER DE CAMARGUE
296202;LES DÉLICES DE BELLE FRANCE
299180;LES DÉLICES DE BELLE FRANCE
296244;LES DÉLICES DE BELLE FRANCE
207365;JARDIN BIO
207381;JARDIN BIO
209304;MAGGI
276527;SPIGOL
293621;PAYSAN D'ICI
284588;SPIGOL
284604;SPIGOL
71985;MAXWELL
72108;MAXWELL
70904;NESCAFE
70128;NESCAFE
62349;GRAND'MERE
60368;L'OR
72066;MAXWELL
62422;GRAND'MERE
62364;GRAND'MERE
64345;CAFE ROYAL
64329;CAFE ROYAL
59741;L'OR
59824;L'OR
60327;L'OR
60343;L'OR
60384;L'OR
63743;DOLCE GUSTO
63784;DOLCE GUSTO
63180;DOLCE GUSTO
63206;DOLCE GUSTO
63222;DOLCE GUSTO
63248;DOLCE GUSTO
61986;DOLCE GUSTO
61960;DOLCE GUSTO
64022;DOLCE GUSTO
63149;TASSIMO
62000;CARTE NOIRE
64188;MEO
62380;GRAND'MERE
70201;NESCAFE
70227;NESCAFE
70243;NESCAFE
70342;NESCAFE
708925;BUHLER
84822;TERRES ET CÉRÉALES
83220;TERRES ET CÉRÉALES
30460;JARDIN BIO
84764;TERRES ET CÉRÉALES
84087;TERRES ET CÉRÉALES
83303;JORDANS
84269;TERRES ET CÉRÉALES
81109;WEETABIX
83345;TERRES ET CÉRÉALES BIO
81240;NESTLE
83246;TERRES ET CÉRÉALES
102723;NESTLE
102749;NESTLE
103481;CÔTE D'OR
103465;CÔTE D'OR
103549;CÔTE D'OR
218842;KÜHNE
226340;KÜHNE
226688;KÜHNE
226381;KÜHNE
327429;LES COMTES DE PROVENCE
327445;LES COMTES DE PROVENCE
248500;KÜHNE
226704;KÜHNE
248526;KÜHNE
248609;KÜHNE
247346;LES DÉLICES DE BELLE FRANCE
246926;SAVORA
118323;MARS
121327;FERRERO
114801;CARAMBAR
114900;CARAMBAR
122705;FERRERO
122721;FERRERO
118067;MARS
99002;FERRERO
123364;NESTLE
121020;FERRERO
122069;M&M's
121566;FERRERO
121426;FERRERO
123422;FERRERO
130526;MILKA
80622;OVOMALTINE
115824;CARAMBAR
115105;CARAMBAR
115006;CARAMBAR
115048;CARAMBAR
118760;FIZZY
122408;FIZZY
122424;FIZZY
122341;FIZZY
116400;FIZZY
117283;FIZZY
117309;FIZZY
117341;FIZZY
122366;FIZZY
111187;VERQUIN
111161;VERQUIN
109066;WERTHER'S
122986;FERRERO
123000;FERRERO
123026;FERRERO
131342;CACHOU LAJAUNIE
131227;FISHERMAN'S FRIEND
123406;MOAM
110320;LUTTI
124461;N.A!
109009;WERTHER'S
108845;BELLE FRANCE
109686;EL AMENDRO
109744;EL AMENDRO
109405;LES DÉLICES DE BELLE FRANCE
143008;AIRWAWES
143024;AIRWAWES
144360;AIRWAWES
143263;FREEDENT
143669;FREEDENT
141044;STIMOROL
139709;HOLLYWOOD
482505;RAYNAL & ROQUELAURE
536680;RAYNAL & ROQUELAURE
496000;JARDIN BIO
495044;CUEILLETTE DESCOURS
499749;ROGER DESCOURS
541409;JARDIN BIO
537985;RAYNAL & ROQUELAURE
495903;CASSEGRAIN
483909;COMTE DE LA CHARNAYE
472464;COMTE DE LA CHARNAYE
420588;VICTORIA
280081;JARDIN BIO
499863;LES DÉLICES DE BELLE FRANCE
517649;CONSERVERIE PARMENTIER
507301;CONSERVERIE PARMENTIER
517201;LE PHARE DU CAP BON
501320;LE SAVOUREUX
512665;LES DÉLICES DE BELLE FRANCE
506980;LES DÉLICES DE BELLE FRANCE
529743;LES DÉLICES DE BELLE FRANCE
531889;LES DÉLICES DE BELLE FRANCE
531608;LES DÉLICES DE BELLE FRANCE
529727;LES DÉLICES DE BELLE FRANCE
531905;LES DÉLICES DE BELLE FRANCE
532226;LES DÉLICES DE BELLE FRANCE
531749;LES DÉLICES DE BELLE FRANCE
176149;PSP
582569;PSP
604165;PSP
45922;GO - TAN
270306;SRIRACHA
142620;CLASSIC FOODS
320721;1er Prix
541144;JARDIN BIO
541128;JARDIN BIO
146043;MONT-BLANC
146084;MONT-BLANC
158824;DR.OETKER
158360;DR.OETKER
158261;DR.OETKER
158386;DR.OETKER
158287;DR.OETKER
158402;DR.OETKER
158741;DR.OETKER
158782;DR.OETKER
158808;DR.OETKER
158626;DR.OETKER
158667;DR.OETKER
191304;SOUASOUA
191445;MAÎTRE PRUNILLE
198226;MAÎTRE PRUNILLE
195107;Ets DURAND
197186;Ets DURAND
197749;BELLE FRANCE
198200;MAÎTRE PRUNILLE
197368;MAÎTRE PRUNILLE
198028;MAÎTRE PRUNILLE
198325;MAÎTRE PRUNILLE
197525;MAÎTRE PRUNILLE
198242;MAÎTRE PRUNILLE
314708;GALLO
187047;LES DÉLICES DE BELLE FRANCE
187542;RISO GALLO
181263;LES DÉLICES DE BELLE FRANCE
176586;TOSCA
176602;TOSCA
176628;TOSCA
169300;LES DÉLICES DE BELLE FRANCE
171504;LES DÉLICES DE BELLE FRANCE
171520;LES DÉLICES DE BELLE FRANCE
171546;LES DÉLICES DE BELLE FRANCE
171561;LES DÉLICES DE BELLE FRANCE
171587;LES DÉLICES DE BELLE FRANCE
171603;LES DÉLICES DE BELLE FRANCE
171645;LES DÉLICES DE BELLE FRANCE
171660;LES DÉLICES DE BELLE FRANCE
171769;LES DÉLICES DE BELLE FRANCE
171785;LES DÉLICES DE BELLE FRANCE
187344;UNCLE BEN'S
187369;UNCLE BEN'S
166900;MAGGI
186908;1er Prix
186924;1er Prix
608489;JARDIN BIO
564302;JARDIN BIO
304261;MAUREL
303107;MAUREL
499707;JARDIN BIO
311480;VINAJOL
310508;VINAJOL
311928;LES DÉLICES DE BELLE FRANCE
310680;LES DÉLICES DE BELLE FRANCE
311886;BELLE FRANCE
311902;BELLE FRANCE
163709;LACTEL
161422;LE GOURMAND
501403;C'EST QUI LE PATRON
330787;LES COMTES DE PROVENCE
328948;LES DÉLICES DE BELLE FRANCE
328963;LES DÉLICES DE BELLE FRANCE
329045;LES DÉLICES DE BELLE FRANCE
327981;LES DÉLICES DE BELLE FRANCE
328989;LES DÉLICES DE BELLE FRANCE
330043;LES COMTES DE PROVENCE
322305;CLEMENT FAUGIER
322107;CLEMENT FAUGIER
322149;CLEMENT FAUGIER
326066;COTE MIEL
326025;COTE MIEL
324905;COTE MIEL
325704;COTE MIEL
326009;COTE MIEL
325662;COTE MIEL
325746;COTE MIEL
325928;COTE MIEL
325944;COTE MIEL
326165;COTE MIEL
326140;COTE MIEL
324921;COTE MIEL
143800;FERRERO
143123;FERRERO
144626;RIGONI DI ASIAGO
143149;FERRERO
91165;FERRERO
4267;MESTEMACHER
4242;MESTEMACHER
522128;LA FOURNÉE DORÉE
4283;MESTEMACHER
594226;LA FOURNÉE DORÉE
43620;LES DÉLICES DE BELLE FRANCE
34520;WHAOU
43281;ECOPRIX
28621;HORNO
28662;HORNO
4929;LES DÉLICES DE BELLE FRANCE
34280;LES DÉLICES DE BELLE FRANCE
40428;DELASHERAS
40469;DELASHERAS
793521;SAINT MICHEL
30122;SAINT MICHEL
34447;SAINT MICHEL
44503;SAINT MICHEL
26443;SAINT MICHEL
5207;PAGEN
43828;LEMARIE
80242;OVOMALTINE
79343;NESTLE
538488;ZAPETTI
538082;RAYNAL & ROCQUELAURE
536987;RAYNAL & ROCQUELAURE
537944;RAYNAL & ROCQUELAURE
537084;GARBIT
542969;LES DÉLICES DE BELLE FRANCE
536581;RAYNAL & ROCQUELAURE
542944;LES DÉLICES DE BELLE FRANCE
536565;RAYNAL & ROCQUELAURE
536540;RAYNAL & ROCQUELAURE
536664;RAYNAL & ROCQUELAURE
536144;RAYNAL & ROCQUELAURE
536268;RAYNAL & ROCQUELAURE
536102;RAYNAL & ROCQUELAURE
536045;RAYNAL & ROCQUELAURE
509703;RAYNAL & ROCQUELAURE
509042;RAYNAL & ROCQUELAURE
534545;LES DÉLICES DE BELLE FRANCE
534560;LES DÉLICES DE BELLE FRANCE
534586;LES DÉLICES DE BELLE FRANCE
33761;JARDIN BIO
541706;LES DÉLICES DE BELLE FRANCE
541581;LES DÉLICES DE BELLE FRANCE
541482;LES DÉLICES DE BELLE FRANCE
538827;JULIEN MACK
536763;RAYNAL & ROCQUELAURE
538843;JULIEN MACK
538884;JULIEN MACK
218305;LIEBIG
536284;RAYNAL & ROCQUELAURE
536300;PURINA
213868;ROYCO
213801;ROYCO
559724;PURINA
558189;PURINA
574681;PURINA
574707;PURINA
560003;PURINA
560144;PURINA
559864;PURINA
559609;PURINA
573121;PURINA
574426;PURINA
518969;PURINA
560680;PURINA
517300;PURINA
517243;PURINA
570069;PEDIGREE PAL
571562;CANIGOU
570168;PEDIGREE PAL
579508;PEDIGREE PAL
524546;PURINA
524520;PURINA
498022;PURINA
525923;PURINA
525949;PURINA
559385;PURINA
514364;PEDIGREE PAL
559401;PURINA
559682;PURINA
498063;PURINA
498048;PURINA
570267;PEDIGREE PAL
572644;PEDIGREE PAL
561126;SAINT BERNARD
560326;PURINA
560342;PURINA
560367;PURINA
561084;CATISFACTIONS
561142;CATISFACTIONS
526723;CATISFACTIONS
559468;PURINA
560722;PEDIGREE PAL
524447;PEDIGREE PAL
514307;PEDIGREE PAL
572545;PEDIGREE PAL
524488;PEDIGREE PAL
560748;PEDIGREE PAL
280784;JARDIN BIO
178640;JARDIN BIO
178665;JARDIN BIO
797183;ISOSTAR
181941;JARDIN BIO
181966;JARDIN BIO
179762;JARDIN BIO
179788;JARDIN BIO
181982;JARDIN BIO
182048;JARDIN BIO
540203;JARDIN BIO
539841;JARDIN BIO
762187;GERLINEA
782300;VIVIS
760801;GERBLE
81166;TERRES ET CÉRÉALES
81141;TERRE ET CÉRÉALES
83261;TERRES ET CÉRÉALES
81125;TERRES ET CÉRÉALES
760322;GERBLE
770446;GERLINEA
760504;GERBLE
760561;GERBLE
864041;JUVAMINE
499681;JARDIN BIO
864066;JUVAMINE
864108;JUVAMINE
864082;JUVAMINE
782284;WILLIAM SAURIN
782326;WILLIAM SAURIN
84988;TERRE ET CÉRÉALES
3988;Dr. KARG'S
284307;LE PHARE DU CAP BON
280248;JARDIN BIO
278580;JARDIN BIO
280800;JARDIN BIO
280289;JARDIN BIO
280107;JARDIN BIO
218883;KHÜNE
264200;BENEDICTA
162206;ECOPRIX
149328;FRANCINE
315069;1er Prix
313189;SAINT LOUIS
314468;SAINT LOUIS
314344;LA PERRUCHE
315085;DADDY
315101;SAINT LOUIS
314583;LA PERRUCHE
314286;BEGHIN SAY
314385;SAINT LOUIS
314369;BEGHIN SAY
314203;SAINT LOUIS
314484;SAINT LOUIS
325027;SUNNY
314500;TUTTI FREE
418608;PURE VIA
97600;LA TISANIERE
97667;LA TISANIERE
97360;LA TISANIERE
97543;LA TISANIERE
97048;LA TISANIERE
97808;CELLIFLORE
97329;ELEPHANT
97303;ELEPHANT
781229;TUOCHA - YUNNAN
781245;TUOCHA - YUNNAN
90860;LIPTON
34645;LES DÉLICES DE BELLE FRANCE
44628;HARRYS
42648;HARRYS
44206;LA FOURNÉE DORÉE
41640;LA FOURNÉE DORÉE
43687;LA FOURNÉE DORÉE
42762;HARRYS
44347;LA FOURNÉE DORÉE
42622;HARRYS
42689;HARRYS
44107;LA FOURNÉE DORÉE
41566;LA FOURNÉE DORÉE
41145;LA FOURNÉE DORÉE
45005;HARRY'S
43067;LA FOURNÉE DORÉE
44404;LEMARIE
40907;PASQUIER
42986;LA FOURNÉE DORÉE
40568;LA FOURNÉE DORÉE
876706;DIM
876722;DIM
876748;DIM
876821;DIM
875500;DIM
875526;DIM
875542;DIM
875740;DIM
875765;DIM
875781;DIM
874800;DIM
874867;DIM
874925;DIM
875104;DIM
875120;DIM
875146;DIM
876763;DIM
876789;DIM
765248;DIM
876805;DIM
876847;DIM
876862;DIM
876086;DIM
876102;DIM
876128;DIM
876169;DIM
876185;DIM
876201;DIM
876482;DIM
876508;DIM
876524;DIM
876565;DIM
634881;BERGER
634949;FLORANIS
633727;BERGER
634683;PASTIS 51
600064;VENEZZIO
635102;RICARD
636662;1er Prix
719765;SARDENI
719781;SARDENI
719823;LUTECIANE
636100;AMBASSADEUR
636167;BYRRH
636449;PICON
636464;PICON
635300;MARTINI
636308;SUZE
639245;NOILLY PRAT
779546;MARTINI
779561;MARTINI
650226;JAGERMEISTER
650002;FERNET BRANCA
965921;CAMPARI
640326;SUDBURY
641126;PADDY
647784;DUCADEZ
746222;PISANG COREA
644062;MALANDRIE
643643;REMY MARTIN
649202;GET 27
651869;DOM
642645;LES DÉLICES DE BELLE FRANCE
650143;GIBSON
644807;SYLVAIN
644203;BUSNEL
270223;CRUZ
643841;SAINT-VIVANT
643429;GRANTS
643023;COURCEL
641829;GIBSON
641746;GORDON
741983;BOMBAY SAPHIRE
639203;WILLIAM PITTERS
639302;WILLIAM PITTERS
638700;ESCUDEIRO
642140;MAYA
642165;SAN JOSE
650606;PALMIER
587568;AGUACANA
650101;PALMIER
513564;RIVIERE DU MAT
499103;CHARRETTE
650341;MARIE GALANTE
607069;3 RIVIERES
637066;VABE
780247;ERISTOFF
640706;JOHNNIE WALKER
497024;GLENLIVET
756262;JOHNNIE WALKER
642967;GLEN GRANT
640227;GOLDEN HOUSE
641209;GOLDEN HOUSE
510727;GLEN DEW
641142;LONG JOHN
641340;WILLIAM LAWSON
640664;JOHNNIE WALKER
641100;FAMOUS GROUSE
507988;CLAN CAMPBELL DARK
647529;PILSNER
599167;KROMBACHER
525444;BJORG
594168;PERONI
748707;ASAHI
525469;ASAHI
798603;CORNET
768283;MORT SUBITE
795021;MORT SUBITE
616946;GROLSCH
633081;KIRIN
528760;VEDETT
758946;BRASSERIE DUBUISSON
647503;SAINT-OMER
520684;KASTEEL
520726;PAULANER
520940;BELZEBUTH
535161;BRASSERIE ACHOUFFE
633206;WESTMALLE
525527;BREWDOG
633164;EKU
540609;BRASSERIE ST AUSTELL
611426;FISHER
525568;CASTELAIN
525543;CASTELAIN
787267;ST-STEFANUS
564948;DELIRIUM
513648;ERDINGER
520908;BROOKLYN
633222;KARMELIET
541060;PIETRA
520783;PINK IPA
519322;JADE
541045;BROOKLYN
654400;SMIRNOFF
520882;BROOKLYN
565085;GUINNESS
525501;PINK IPA
760462;LA GOUDALE
525428;BABYLONE
591685;LEFFE
653584;SMIRNOFF
647586;HEINEKEN
619767;TOURTEL
630160;TOURTEL
518928;TOURTEL
610006;SAINT-OMER
610485;SAINT-OMER
634188;LES DÉLICES DE BELLE FRANCE
638064;BAVARIA
610881;BAVARIA
578708;BAVARIA
610907;BAVARIA
589861;BAVARIA
523043;CARLSBERG
755801;SKOLL
590927;LEFFE
610527;GUINNESS
499889;LEFFE
610923;ADELSCOTT
755785;SKOLL
567321;EDEILWESS
611202;LEFFE
633008;LES DÉLICES DE BELLE FRANCE
586768;GRIMBERGEN KRIEK
648469;LEFFE
551242;LEFFE
761106;LEFFE
591701;LEFFE
591628;LEFFE
591644;LEFFE
747642;GROLSCH
518944;CARLSBERG
611541;33 EXPORT
611582;KANTERBRAU
609560;STELLA-ARTOIS
610428;BLONDERBRAU
609024;PANACH
609065;PANACH
527085;BURN
498162;MONSTER
498204;MONSTER
606806;MONSTER
743369;MONSTER
498188;MONSTER
747121;JAYONE
747162;JAYONE
747188;JAYONE
605642;MINUTE MAID
516906;FUZE TEA
516963;FUZE TEA
871426;MAYTEA
547422;TROPICO
610261;LES DÉLICES DE BELLE FRANCE
580589;LES DÉLICES DE BELLE FRANCE
557868;LES DÉLICES DE BELLE FRANCE
611962;LOIC RAISON
601187;SEVEN UP
589507;SEVEN UP
511725;SPRITE
614560;SEVEN UP
600569;FANTA
590240;FANTA
605022;SAN PELLEGRINO
605006;SAN PELLEGRINO
538629;SAN PELLEGRINO
538603;SAN PELLEGRINO
508721;COCA COLA
508705;COCA COLA
508747;COCA COLA
811042;DR.PEPPER
590067;PEPSI
590042;PEPSI
518548;COCA COLA
601088;COCA COLA
518506;COCA COLA
507269;COCA COLA
589960;PEPSI
748442;7 UP
498428;7 UP
601161;7 UP
748426;7 UP
588228;7 UP
581140;LES DÉLICES DE BELLE FRANCE
600346;RICQLES
500587;SPRITE
581660;SUMOL
581686;SUMOL
600643;FANTA
600601;FANTA
652420;FANTA
567289;FANTA
514802;FANTA
598060;FANTA
611749;BRUT DE POMME
600908;FANTA
585109;PEPSI
585083;SEVEN UP
590828;SEVEN UP
601146;COCA COLA
747428;VAI VAI
747444;VAI VAI
749226;VAI VAI
638049;BELLE FRANCE
601344;PERRIER FINES BULLES
580506;SAN PELLEGRINO
580043;SAN PELLEGRINO
612721;SAINT AMAND
580027;SAN PELLEGRINO
527341;VOLVIC
605444;NORKY
607200;SPORT BERGER
502922;TEISSEIRE
502906;TEISSEIRE
590380;AIRWICK
590448;AIRWICK
590489;AIRWICK
607242;BERGER SPORT
629568;LAURENT PERRIER
580209;CHANOINE FRERES
630905;CASTELLANE
629469;CANARD-DUCHÊNE
744045;TZARINE
637488;ALFRED DE ROTHSCHILD
629923;LANSON
629980;CANARD-DUCHÊNE
500447;CANARD-DUCHÊNE
629584;LAURENT PERRIER
631200;VEUVE CLICQUOT
631648;BARON DE BELLAC
631663;BARON DE BELLAC
632349;BELLE FRANCE
632364;BELLE FRANCE
741660;POL REMY
741686;POL REMY
648923;KIR ROYAL
651240;GRATIEN MEYER
631564;CLAIRETTE DE DIE
518704;JP CHENET
518688;JP CHENET
631846;VOUVRAY
616987;PESSAC LEOGNAN
639567;COMPTE DE TARVILLE
494906;FREIXENET
647867;CUVEE DU PATRON
510826;VINOVALIE
524843;BELLE FRANCE
528240;AUCA
620989;VILLA LAROSE
620666;SABLE DE CAMARGUE
523324;AUCA
613786;LES FLORELLES
657387;PERNICI
547588;EMILIA PERCINI
615641;SIDI IBRAHIM
616102;SIDI IBRAHIM
657346;TRE VIGNETI
657320;CA' NOSTRA 2017
617027;DOPFF
649947;LUCIEN EDELSTEIN
630707;CHATEAU TOUR D'ARFON 2014
636365;BELLE FRANCE
649384;R DE ROMER DU HAYOT 2014
626309;BELLE FRANCE
627984;LAROCHETTES 2013
617126;MARCEL DE NORMONT 2016
622241;LA CAVE DES GRANDS CRUS 2017
568741;APREMONT 2016
625129;CHÂTEAU DE LA MOUCHETIERE
618769;DOMAINE MAINE LOUISE
615542;DOMAINE DE JESMET 2017
625640;LES FOURNEAUX 2015
655043;BLAISSAC
617605;BELLE FRANCE
623025;BARON PHILIPPE DE ROTHSCHILD
607184;LE DAUPHIN D'OLIVIER 2013
607002;CHÂTEAU TERREY-GROS-CAILLOUX 2013
627166;LE DAUPHIN D'OLIVIER
607085;CHÂTEAU LA FLEUR HAUT CARRAS 2016
647966;LES DOUVES DE PAUILLAC
616961;LES HAUTS DE LARRIVET HAUT-BRION 2014
607127;CHÂTEAU MAUCAILLOU 2013
607267;CHAPELLE DE POTENSAC 2013
624742;LE CHARME DE LADOUYS
607283;LES ALLEES DE CANTEMERLE 2014
725721;CHÂTEAU DU GRAND SOUSSANS 2014
613604;CHEMIN DES PRES 2017
505529;CHATEAU PARRAPON
652586;CHÂTEAU LES PEYROULETS
505586;CHÂTEAU LES PEYROULETS
626820;CHÂTEAU BARATET 2016
620443;CHÂTEAU BARATET 2016
514604;RUHMANN
499400;RUHLMANN
722249;ORIGINE 2014
628446;DOMAINE FLORENCE MEJAN LES MUSES
623066;MOUTON CADET
617704;SAMPIERO
621144;MONCIGALE
620708;BILLETTE
550400;TERROIR D'AVRILLE
626382;PLESSIS-DUVAL 2017
616920;RESERVE DES 4 CERISIERS 2017
655365;CHÂTEAU LES AGATES
656520;CHÂTEAU TOUR LA VIERITE 2014
646844;LA CROIX D'AUSTERAN
615005;MALESAN
658484;ROC DU BEL AIR
623041;ROC DES CHEVALIERS
617324;MOILLARD
617068;MOILLARD
616862;MOILLARD
617688;MOILLARD
631143;CHÂTEAU MOULIN BELLEVUE
717868;CLERGET
630962;ECLAT DU RHÔNE
650028;SAINT-MAURICE 2016
653568;LA FONT DES GRIERES
523084;DOMAINE CHAUME-ARNAUD
653063;LE HAUT MEDOC DE LAGRANGE
649988;CHÂTEAU GRAND ESCALION 2016
625848;CHÂTEAU BELFORT
638643;CHATEAU LE VIEUX ROUDEY 2016
658526;CHATEAU LE VIEUX ROUDEY 2016
626887;L'IMPRESSION DE MAUVESIN BARTON
635888;CHÂTEAU BELLEVUE FIGEAC 2011
618488;CHARMES DE GRAND CORBIN
625368;LEON PERROT
635508;LA CHEVALLERIE
633420;LOUSTAU CASAUBON
863241;QUIES
530600;AUTAN
525725;DEMAK' UP
856542;KLEENEX
861880;FESSNETT
499921;FESS NET
854000;LOTUS
515122;ALWAYS
515106;ALWAYS
515148;ALWAYS
515163;ALWAYS
847129;TAMPAX
845768;NETT
845925;NETT
836627;TAMPAX
839423;TAMPAX
839548;TAMPAX
846840;INTIMA
855544;AMBRE SOLAIRE
855627;AMBRE SOLAIRE
855643;AMBRE SOLAIRE
842583;AMBRE SOLAIRE
842625;AMBRE SOLAIRE
848986;AMBRE SOLAIRE
844522;COLGATE
769869;ELMEX
768440;ELMEX
837765;SENSODYNE
568261;ORAL B
835645;TONIGENCYL
835660;TONIGENCYL
835884;FLUORYL
835967;DENIVIT
568246;ORAL B
768465;ELMEX
570101;ORAL B
841346;EMAIL DIAMANT
501205;EMAIL DIAMANT
807503;NIVEA
556043;NARTA
763029;CORINE DE FARME
821421;P'TIT DOP
821447;P'TIT DOP
848820;ELITE
849208;ELITE
849224;ELITE
849109;ELITE
809103; MAYBELLINE
811885;LOVEA
526988;CORINE DE FARME
556068;NARTA
843706;SANEX
509901;USHAÏA
509885;USHAÏA
799304;BIEN-ETRE
799320;BIEN-ETRE
799346;BIEN-ETRE
810226;1er Prix
849042;ELITE
849026;ELITE
849083;ELITE
849000;ELITE
849125;ELITE
849067;MAYBELLINE
829820;FABERGE
841361;FABERGE
798645;SCORPIO
802181;FABERGE
842229;SCORPIO
865006;DUREX
827964;PENTO
773788;PETROL HAHN
773747;PETROL HAHN
773549;PETROL HAHN
818062;ELSEVE
828145;PETROL HAHN
828160;PETROL HAHN
848606;NYLON
848580;ELITE
824367;SCHWARZKOPF PALETTE
824383;SCHWARZKOPF PALETTE
824409;SCHWARZKOPF PALETTE
824441;SCHWARZKOPF PALETTE
824300;EUGÈNE COLOR
825000;EUGÈNE COLOR
824201;EUGÈNE COLOR
824243;EUGÈNE COLOR
824169;EUGÈNE COLOR
824185;EUGÈNE COLOR
585364;OLIA
585349;OLIA
585323;OLIA
585406;OLIA
585380;OLIA
820720;FRUCTIS
821306;ULTRA DOUX
765149;SWARZKOPF
821108;SWARZKOPF
817627;ELSEVE
821827;L'OREAL
803965;CADONET
803924;CADONET
819227;L'OREAL PARIS
805804;L'OREAL PARIS
805820;L'OREAL PARIS
806505;L'OREAL PARIS
806521;L'OREAL PARIS
820365;ULTRA DOUX
820241;ULTRA DOUX
820183;ULTRA DOUX
820449;ULTRA DOUX
820282;ULTRA DOUX
538561;ULTRA DOUX
538421;ULTRA DOUX
538447;ULTRA DOUX
538389;ULTRA DOUX
822288;ULTRA DOUX
509463;FRUCTIS
509307;FRUCTIS
509349;FRUCTIS
509240;FRUCTIS
509281;FRUCTIS
509505;FRUCTIS
509489;FRUCTIS
509265;FRUCTIS
765123;SCHWARZKOPF
585646;L'OREAL PARIS
585620;L'OREAL PARIS
820126;L'OREAL PARIS
820084;L'OREAL PARIS
820266;L'OREAL PARIS
819623;L'OREAL PARIS
820100;L'OREAL PARIS
817700;L'OREAL PARIS
817726;L'OREAL PARIS
817866;L'OREAL PARIS
817460;L'OREAL PARIS
818088;L'OREAL PARIS
820563;L'OREAL PARIS
817445;L'OREAL PARIS
820407;L'OREAL PARIS
817841;L'OREAL PARIS
818120;L'OREAL PARIS
521021;L'OREAL PARIS
818203;L'OREAL PARIS
580746;DOP
580761;CADUM
578682;ULTRA DOUX
516526;USHUAIA
538587;ULTRA DOUX
538363;ULTRA DOUX
538348;ULTRA DOUX
577528;USHUAIA
810788;MONT SAINT MICHEL
810929;CLEOPATRA
512863;HIPP
555623;HIPP
853242;PAMPERS
853184;PAMPERS
853283;PAMPERS
854505;PAMPERS
812305;1er Prix
812362;1er Prix
834622;BABY CHARM
834564;BABY CHARM
834648;BABY CHARM
853226;PAMPERS
850909;PAMPERS
852582;PAMPERS
852608;PAMPERS
852640;PAMPERS
767509;PAMPERS
826842;PAMPERS
826867;PAMPERS
529289;GUIGOZ
550640;HIPP
550764;HIPP
555581;HIPP
820209;MIXA BEBE
850628;POUPINA
856104;MIXA
801001;MIXA
550384;CADUM
694745;SAINT AGUR
694588;SAINT ALBRAY
961987;BRINDELICES
954180;LES CRUDETTES
963660;LES CRUDETTES
964387;LES CRUDETTES
964502;LES CRUDETTES
963926;LES CRUDETTES
812404;FLORETTE
689208;NOISY
684464;LES DÉLICES DE BELLE FRANCE
685024;LES DÉLICES DE BELLE FRANCE
515767;ÉCHIRÉ
515742;ÉCHIRÉ
851386;SOCOPA
925644;CHARAL
597666;SOCOPA
923789;-
851204;SOCOPA
934505;LES BRASERADES
913541;LES DÉLICES DE BELLE FRANCE
913723;BAHIER
563866;JUAN PABLO
934380;LES DELICES DE BELLE FRANCE
863423;FRAIS DEVANT!
563627;LES DÉLICES DE BELLE FRANCE
767665;CESAR MORONI
580548;FRAIS DEVANT!
910307;LES DÉLICES DE BELLE FRANCE
584565;-
515049;MONTSA
500843;FRAIS DEVANT!
918904;-
918946;-
951061;LES DÉLICES DE BELLE FRANCE
931287;BORDEAUX CHESNEL
848184;BORDEAUX CHESNEL
823880;BAHIER
596445;BORDEAUX CHESNEL
931147;BORDEAUX CHESNEL
914549;LES DÉLICES DE BELLE FRANCE
914507;LES DÉLICES DE BELLE FRANCE
767889;ESPUNA
594143;LES DÉLICES DE BELLE FRANCE
940908;LES DÉLICES DE BELLE FRANCE
949149;DELICE DE SAINT-AGAUNE
957282;MONTAGNE NOIRE
980383;REGHALAL
684027;BRIDELIGHT
569509;LE GALL
689869;LES DÉLICES DE BELLE FRANCE
683508;BRIDEL
546986;ISIGNY SAINTE MÈRE
527986;BRIDEL
756049;ISIGNY SAINTE MÈRE
683482;BRIDEL
568568;LES DÉLICES DE BELLE FRANCE
818245;BELLE FRANCE
699108;FERRERO
705186;FERRERO
699280;FERRERO
568543;LES DÉLICES DE BELLE FRANCE
568527;LES DÉLICES DE BELLE FRANCE
568501;LES DÉLICES DE BELLE FRANCE
568485;LES DÉLICES DE BELLE FRANCE
551143;LIVADROIS
726380;-
681221;-
686360;P'TIT LOUIS
682849;CAPRICE DES DIEUX
690065;BABYBEL
551168;MONTS & TERROIRS
742924;FROMAGERIE DU LEVEZOU
694406;LE BREBIOU DES PYRENEES
591289;BELLE FRANCE
696765;LES DÉLICES DE BELLE FRANCE
746669;LES DÉLICES DE BELLE FRANCE
685404;SOIGNON
663005;LES DÉLICES DE BELLE FRANCE
871442;LES DÉLICES DE BELLE FRANCE
662981;LES DÉLICES DE BELLE FRANCE
685446;LE VERNEUIL
547067;ISIGNY SAINTE MÈRE
726265;DANONE
691527;DANONE
547042;ISIGNY SAINTE MÈRE
708842;CALIN
709360;CALIN
680942;CABREYNAC
697409;LES DÉLICES DE BELLE FRANCE
695726;LES DÉLICES DE BELLE FRANCE
693168;LES DÉLICES DE BELLE FRANCE
698746;-
695569;LES DÉLICES DE BELLE FRANCE
555805;LES DÉLICES DE BELLE FRANCE
662726;LES DÉLICES DE BELLE FRANCE
695908;LES DÉLICES DE BELLE FRANCE
673004;-
697862;LES DÉLICES DE BELLE FRANCE
697847;LES DÉLICES DE BELLE FRANCE
697383;LES DÉLICES DE BELLE FRANCE
695460;LES DÉLICES DE BELLE FRANCE
695445;LES DÉLICES DE BELLE FRANCE
697367;LES DÉLICES DE BELLE FRANCE
699082;CASTELLI
688903;LES DÉLICES DE BELLE FRANCE
598805;DÉLICES DE BELLE FRANCE
747386;LES DÉLICES DE BELLE FRANCE
732081;LES DÉLICES DE BELLE FRANCE
597302;CASTELLI
756700;CASTELLI
727362;LES DÉLICES DE BELLE FRANCE
698969;LES DÉLICES DE BELLE FRANCE
698985;LES DÉLICES DE BELLE FRANCE
718445;1er Prix
690800;APERICUBE
690883;APERICUBE
694000;RAMBOL
795708;LA VACHE QUI RIT
690784;APERICUBE
587501;PRESIDENT
583765;KRAFT
686329;ST MORET
656223;LES DÉLICES DE BELLE FRANCE
695049;LES DÉLICES DE BELLE FRANCE
729665;ISIGNY SAINTE MÈRE
729640;ISIGNY SAINTE MÈRE
571703;BON MAYENNAIS
699942;BON MAYENNAIS
684902;LEPETIT
745588;BON MAYENNAIS
682781;CAPRICE DES DIEUX
683409;BOURSAULT
682823;CAPRICE DES DIEUX
682369;LES DÉLICES DE BELLE FRANCE
681569;LES DÉLICES DE BELLE FRANCE
588905;LES DÉLICES DE BELLE FRANCE
694422;LES DÉLICES DE BELLE FRANCE
555789;LES DÉLICES DE BELLE FRANCE
694984;LE VIEUX PANE
694661;SAINT ALBRAY
759944;MASSON
518183;SAINT AGUR
662502;VALLÉE D'HENRI
695643;PONCHAT & FILS
753640;RIVOIR JACQUEMIN
555748;VALLÉE D'HENRI
753681;RIVOIR JACQUEMIN
695767;LES DÉLICES DE BELLE FRANCE
690040;BABYBEL
673327;TRIBALLAT
693242;CHAUSSEE AUX MOINES
692525;SAINT AMOUR
531020;SAINT AMOUR
659680;L'ATELIER GEORGET
669242;DANAO
524140;NAKED
509745;VAIVAI
515726;LUXLAIT
936500;POM'PRETE
691907;PLANTA
691840;PLANTA
567263;ST HUBERT
691824;ASTRA
567206;ST HUBERT
682427;ST HUBERT
682567;ST HUBERT
527788;PRIMEVERE
747709;PLANTA
529420;PLANTA
580100;VEGETALINE
527945;BRIDEL
556506;ÉCHIRÉ
595843;BLINI
661603;HARRYS
661629;HARRYS
45047;LA FOURNÉE DORÉE
660209;JACQUET
661587;HARRYS
528141;NATURE BIO
938506;EUROPITA
729483;PANORIENT
760728;HARRYS
528182;NATURE BIO
661868;HARRYS
661785;HARRYS
661801;HARRYS
938902;BLINI
918003;LES DÉLICES DE BELLE FRANCE
527184;MONTEBOURG
912063;FRAIS EMBAL
834168;FRAIS EMBAL
912147;FREGALINE
955666;FREGALINE
925925;LES DÉLICES DE BELLE FRANCE
917765;LES DÉLICES DE BELLE FRANCE
877084;DELICEMER
526160;BELLE FRANCE
526186;BELLE FRANCE
965442;DELICEMER
915165;SIMON
957100;LES DÉLICES DE BELLE FRANCE
912329;LES DÉLICES DE BELLE FRANCE
912584;ECOPRIX
590323;KRITSEN
831503;KRITSEN
831487;KRITSEN
521609;CROISIERE
958009;GUYADER
527325;FJORD KING
954362;TAKA
954347;TAKA
826461;TAKA
915082;BLINI
950188;BLINI
950204;BLINI
956789;LES DÉLICES DE BELLE FRANCE
956805;LES DÉLICES DE BELLE FRANCE
924423;LES DÉLICES DE BELLE FRANCE
922542;LES DÉLICES DE BELLE FRANCE
839282;BENIS FOOD
505628;LES DÉLICES DE BELLE FRANCE
597203;SACRE BLEU
937128;DAUNAT
569806;MIX BUFFET
849901;SODEBO
575647;L'ATELIER BLINI
930867;LES DÉLICES DE BELLE FRANCE
928424;LES DÉLICES DE BELLE FRANCE
835447;CORAYA
919985;KRITSEN
919860;KRITSEN
877969;LES DÉLICES DE BELLE FRANCE
873240;LOUE
712901;BELLE FRANCE
672568;CHARLES & ALICE
672600;CHARLES & ALICE
672642;CHARLES & ALICE
499608;YOPLAIT
499624;YOPLAIT
584144;DANONE
677385;LES DÉLICES DE BELLE FRANCE
677401;LES DÉLICES DE BELLE FRANCE
518167;YOPLAIT
662767;LES DÉLICES DE BELLE FRANCE
987362;-
984385;-
984724;-
983569;-
850800;-
998302;CARTE D'OR
989780;LES DÉLICES DE BELLE FRANCE
592527;LES DÉLICES DE BELLE FRANCE
989905;LES DÉLICES DE BELLE FRANCE
855247;CHANTEGEL
855262;CHANTEGEL
592444;LES DÉLICES DE BELLE FRANCE
586982;DR. OETKER
853481;DR. OETKER
853507;DR. OETKER
833905;DR. OETKER
824565;DR. OETKER
824540;DR. OETKER
986463;LES DÉLICES DE BELLE FRANCE
853549;FRUTID'OR
960120;FRUTID'OR
995662;NESTLE
563601;NESTLE
563585;NESTLE
996306;NESTLE
996322;NESTLE
565721;NESTLE
996264;NESTLE
996280;NESTLE
547745;MILKA
511006;M&MS
995100;NESTLE
861948;MAGNUM
862581;MAGNUM
997387;MAGNUM
998641;MAGNUM
540666;SOLERO
995787;COBANA
995886;COBANA
951483;OROGEL
951723;OROGEL
951608;OROGEL
951467;OROGEL
951442;OROGEL
954925;OROGEL
528968;ARDO
528869;ARDO
528943;ARDO
528901;ARDO
528885;NATURE BIO
959163;AURELMAR
547364;GOLFO NUEVO
863167;GALAC SEA
826362;YOUR FISH
543165;COSTA
958488;GIMBERT
528042;NATURE BIO
765628;ISLA DELICE
765644;ISLA DELICE
765842;ISLA DELICE
535385;ISLA DELICE
765669;ISLA DELICE
