id;nom
909;LES CRUDETTES
910;LUNOR
911;POM'PRETE
912;FLORETTE
913;CREALINE
914;McCAIN
915;CRUDETTE
916;BONDUELLE
917;BELLE FRANCE
918;ECOPRIX
919;ANDROS
920;WINNY
921;SIMON
922;LA MONEGASQUE
923;DELICEMER
924;COMPTOIR DU CAVIAR
925;CORAYA
926;PÊCHEURS D'ISLANDE
927;FREGALINE
928;FRAIS EMBAL
929;L'ASSIETTE BLEUE
930;LABEYRIE
931;LES DÉLICES DE BELLE FRANCE
932;ARMORIC
933;KRITSEN
934;DELPEYRAT
935;GUYADER
936;CARESSE ANTILLAISE
937;FLEURY MICHON
938;DANAO
939;INNOCENT
940;MICHEL & AUGUSTIN
941;NAKED
942;SUNNY DELIGHT
943;TROPICANA
944;BAHIER
945;REGHALAL
946;LE GAULOIS
947;ISLA DELICE
948;HERTA
949;CITTERIO
950;COCHONOU
951;MADRANGE
952;-
953;MONTAGNE NOIRE
954;AOSTE
955;CEBO
956;FRAIS DEVANT!
957;FRAIS DEVANT
958;JUAN PABLO
959;TRADIVAL
960;REGIS BAHIER
961;MAÎTRE COQ
962;LE BISTRONOME
963;SAINDOUX
964;BORDEAUX CHESNEL
965;LOUE
966;STOEFFLER
967;JUSTIN BRIDOU
968;ESPUNA
969;MORONI
970;SALAISONS DU MACONNAIS
971;DELICE DE SAINT-AGAUNE
972;GOURMETS DE L'ARTOIS
973;SOCOPA
974;VALTERO
975;LES BRASERADES
976;CHARAL
977;TENDREMENT BON
978;WEIGHT WATCHERS
979;LES BONS MORCEAUX
980;SODEBO
981;LA BARRE
982;BLINI
983;L'ATELIER BLINI
984;CROC'FRAIS
985;JACQUET
986;BAIL
987;TARTEFRAIS
988;LUSTUCRU
989;GIOVANNI RANA
990;ANTICA PASTERIA
991;DIAMANTI
992;MARIE
993;DAUNAT
994;PASO TRAITEUR
995;CEREAL
996;TAKA SODEBO
997;UNIFRAIS
998;SAINT JEAN
999;SOJASUN
1000;CAP OCEAN
1001;GERBLE & FLEURY MICHON
1002;TRADITIONS D'ASIE
1003;CITE MARINE
1004;LES DELICES DE LA FONTMIAU
1005;TE GUSTA
1006;PIERRE MARTINET
1007;BRINDELICES
1008;GREEN SHOOT
1009;COVENT GARDEN
1010;ALVALLE
1011;L'OEUF DE NOS VILLAGES
1012;HARRY'S
1013;REGENT'S PARK
1014;PANORIENT
1015;EUROPITA
1016;LA BOULANGERE
1017;LA CREPE DE BROCELIANDE
1018;DESSAINT
1019;PAYSAN BRETON
1020;KINDER
1021;CROUSTIPATE
1022;EXTRÊME NESTLE
1023;OASIS
1024;DISNEY
1025;STAR WARS DISNEY
1026;HÄAGEN-DAZS
1027;MILKA
1028;DAIM
1029;OREO
1030;TOBLERONE
1031;MARS
1032;SNICKERS
1033;BOUNTY
1034;TWIX
1035;YSCO
1036;NESTLE
1037;MIKO
1038;PILPA
1039;TIPIAK
1040;LABEYRIE PÂTISSIER
1041;CARTE D'OR
1042;VIENNETTA
1043;BEN & JERRY'S
1044;COBANA
1045;FRUIT D'OR
1046;OROGEL
1047;Mc CAIN
1048;FINDUS
1049;D'AUCY
1050;MAGDA
1051;SECRETS DES ELFES
1052;IGLO
1053;AURELMAR
1054;PICARD
1055;CAPTAIN IGLO
1056;GALAC SEA
1057;PICKENPACK
1058;GASTRONOME
1059;PACKINGEL
1060;GIMBERT
1061;PACIFIC WEST
1062;MANOSQUE
1063;LES MINI DE MANOSQUE
1064;DR.OETKER
1065;DR OETKER
1066;BUITONI
1067;CHANTEGEL
1068;COSTA
1069;COURBEYRE
1070;PRESIDENT
1071;NOISY
1072;LE GALL
1073;GRAND FERMAGE
1074;ELLE & VIRE
1075;PRIMEVERE
1076;VEGETALINE
1077;ST HUBERT
1078;PLANTA
1079;ASTRA
1080;DANONE
1081;BONNE MAMAN
1082;VRAI
1083;FERME DES PEUPLIERS
1084;MAMIE NOVA
1085;RIANS
1086;MALO
1087;MARIE MORIN
1088;LES 2 VACHES
1089;CASTELLI
1090;BONTA DIVINA
1091;LA FERMIERE
1092;LE PETIT BASQUE
1093;MILCHFRISH
1094;JORT
1095;CAPRICE DES DIEUX
1096;BOURSAULT
1097;CŒUR DE LION
1098;LE RUSTIQUE
1099;CRAVATE
1100;LANQUETOT
1101;LEPETIT
1103;BON MAYENNAIS
1104;REO
1105;LOU PERAC
1106;VERNEUIL
1107;LE VERNEUIL
1108;FROMAGERIE DU LEVEZOU
1109;LE BREBIOU DES PYRENEES
1110;CHAVROUX
1111;SOIGNON
1112;POITOU CHEVRE
1113;ETOILE DU QUERCY
1114;MONTS & TERROIRS
1115;ENTREMONT
1116;VALMARTIN
1117;RIVOIRE-JACQUEMIN
1118;RIVOIR JACQUEMIN
1119;LEERDAMMER
1120;BABYBEL
1121;VALLEE HENRI
1122;FICELLO
1123;KIRI
1124;APERICUBE
1125;LA VACHE QUI RIT
1126;SYLPHIDE
1127;BOURSIN
1128;APERIVRAIS
1129;KIDIBOO
1130;MONTEBOURG
1131;P'TIT LOUIS
1132;TARTARE
1133;ST MORET
1134;PHILADELPHIA
1135;KRAFT
1136;ROUSSAS
1137;GALBANI
1138;AMBROSI
1139;ABC
1140;BAECHLER
1141;RICHESMONTS
1142;POCHAT & FILS
1143;MASSON
1144;LIVADROIS
1145;EMMI
1146;SOCIETE
1147;PAPILLON
1148;SAINT AGUR
1149;BRESSE BLEU
1150;PONCHAT & FILS
1151;SALAKIS
1152;E. GRAINDORGE
1153;FOL EPI
1154;LE VIEUX PANE
1155;RAMBOL
1156;SAINT ALBRAY
1157;ETORKI
1158;CHAUSSEE AUX MOINES
1159;FAUQUET
1161;LEGEND POITOU
1162;LA FROMAGERIE ALPINE
1163;TRIBALLAT
1164;BONS MAYENNAIS
1165;BERTHAUT
1166;FROMAGERIE D'AUXON
1167;DELUXE
1168;BRIDELICE
1169;BRIDELIGHT
1170;BRIDEL
1171;YOPLAIT
1172;LACTEL
1173;MAITRE LAITIER
1174;CANDIA
1175;LE GOURMAND
1176;MAILLE
1177;LABEYRYE
1178;PULCO
1179;STARBUCKS
1180;TAILLEFINE
1181;JOCKEY
1182;CABREYNAC
1183;CALIN
1184;LONGLEY FARM
1186;LA FERME DU MANEGE
1187;LYNOS
1188;MAITRES LAITIERS EN NORMANDIE
1189;GAYELORD HAUSER
1190;GERBLE
1191;BJORG
1192;CEREAL BIO
1193;CONTINENTAL BAKERIES
1194;GERLINEA
1195;VIVIS
1196;JARDIN BIO'LOGIQUE
1197;SCHÄR
1199;BENENUTS
1200;VICO
1201;LORENZ
1202;TERRA
1203;LAY'S
1204;BRET'S
1205;TYRRELL'S
1206;GO+TAN
1207;DOMINO
1208;BOZKURT
1209;PRUNIDOR
1210;DACO BELLO
1211;Ets DURAND
1212;MAITRE PRUNILLE
1213;BELIN
1214;RITZ
1215;ANCEL
1216;DORITOS
1217;BOEHLI
1218;TOO GOOD
1219;AMIGOS
1220;CROC ME
1221;NA!
1222;PRINGLES
1223;LU
1224;KAMBLY
1225;DELACRE
1226;MITSUBA
1227;TULIP
1228;PETIT NAVIRE
1229;COTE MER
1230;BALTHOR
1231;CONNETABLE
1232;NAUTILUS
1233;CHATKA
1234;SAUPIQUET
1235;PARMENTIER
1236;LE PHARE DU CAP BON
1237;LE SAVOUREUX
1238;HENAFF
1239;DOLO
1240;ARNAUD
1241;Tradition du Lauragais
1242;GEANT VERT
1243;MAIZENA
1244;REGIA
1245;BORDE
1246;ROCHEFONTAINE
1247;EBLY
1248;FAUGIER
1249;BARBIER DAUPHIN
1250;CASSEGRAIN
1251;DEL MONTE
1252;MINERVE
1253;SUZI WAN
1254;ROI DES MONTAGNES
1255;RAYNAL ET ROQUELAURE
1256;VICTORIA
1257;PAUL & LOUISE
1258;RAYNAL ROQUELAURE
1259;WILLIAM SAURIN
1260;ZAPETTI
1261;GARBIT
1262;TANOSHI
1263;KAÏLO BRAND
1264;OLD EL PASO
1265;PANZANI
1266;GALLO
1267;MACK
1268;KNORR
1269;LIEBIG
1270;LA POTAGERE
1271;MAGGI
1272;ROYCO MINUTE SOUP
1273;ROYCO
1274;LONGKOU
1275;TOSCA
1276;DEDICATO GRANORO
1277;BARILLA
1278;TAUREAU AILE
1279;SANS MARQUE
1280;UNCLE BEN'S
1281;SICILIA
1283;TABASCO
1284;KARA
1285;SPIGOL
1286;DUCROS
1287;ETHIQUABLE
1288;COLUMBIA
1289;LA BALEINE
1290;LE SAUNIER
1291;KÜHNE
1292;AMORA
1293;LESIEUR
1294;PUGET
1295;CAUVIN
1296;LOU MAS
1297;CARAPELLI
1298;FRANTOLIO
1299;PSP
1300;SACLA
1301;CRESPO
1302;HEINZ
1303;DI VITA
1304;EAGLOBE
1305;BENEDICTA
1306;COLONA
1307;KIKKOMAN
1308;SAVORA
1309;ISOSTA
1310;PEPPERIDGE FARM
1311;CADBURY
1312;ROYAL DANSK
1313;ST MICHEL
1314;BROSSARD
1315;SEREBIS
1316;LA BASQUAISE
1317;LA MADELEINE D'ARMOR
1318;GAVOTTES
1319;FOSSIER
1320;LA MERE POULARD
1321;BAHLSEN
1322;NIPPON
1323;McVITIES
1324;LOTUS
1325;DESTROOPER
1326;LOACKER
1327;PIC-NIC BREAK
1328;WALKERS
1329;BN
1330;WHAOU!
1331;KER CADELAC
1332;YANNICK
1333;TERRES ET Céréales
1334;DUPLO
1335;CRICH
1336;LEMARIE
1337;PASQUIER
1338;LE STER
1339;HORNO
1340;CROUSTELLA
1341;FORCHY
1342;LA FOURNEE DOREE
1343;VALENTINE
1344;MIDI
1345;FREDDI
1346;FRDDI
1347;HARRYS
1348;WHAOU
1349;LES APICULTEURS ASSOCIES
1350;PAGEN
1351;QUALITY BAKERS
1352;LINDT
1355;POULAIN
1356;CÔTE D'OR
1357;VILLARS
1358;LA VOSGIENNE
1359;MENTOS
1360;TIC TAC
1361;LA PIE QUI CHANTE
1362;CARAMBAR
1363;KREMA
1364;HARIBO
1365;CACHOU LAJAUNIE
1366;LUTTI
1367;BOUQUET D'OR
1368;RICOLA
1369;WERTHER'S
1370;CHUPA CHUPS
1371;FIZZY
1372;VERQUIN
1373;TÊTES BRÛLEES
1374;LA VOGIENNE
1375;SKITTLES
1376;FISHERMAN'S FRIEND
1377;ARTESANIA
1378;LOOK O LOOK
1379;HOLLYWOOD
1380;MALABAR
1381;FREEDENT
1382;AIRWAWES
1383;STIMOROL
1384;M&M's
1385;MALTESERS
1386;OVOMALTINE
1387;MONDELEZ
1388;SUCHARD
1389;FERRERO
1390;CARTE NOIRE
1391;NESCAFE
1392;LEROUX
1393;JACQUES VABRE
1394;GRAND-MERE
1395;MALONGO
1396;MAISON DU CAFE
1397;SENSEO
1398;SAN MARCO
1399;NATURELA
1400;MAXWELL
1401;LAVAZZA
1402;ILLY
1403;NESQUIK
1404;BANANIA
1405;VAN HOUTEN
1406;L'OR ESPRESSO
1407;DOLCE GUSTO
1408;CAFE ROYAL
1409;TASSIMO
1410;ESPRESSO
1411;TISANIERE
1412;JUVAFLORINE
1413;LIPTON
1414;ELEPHANT
1415;ROOIBOS
1416;TETLEY
1417;TWININGS
1418;HEUDEBERT
1419;ROGER
1420;COMPAGNIE BRETONNE DU POISSON
1421;PELLETIER
1422;WASA
1423;CROUSTIA
1424;NEYMANN
1425;MESTEMACHER
1426;NEW YORK BAKERY
1427;KRISPROLLS
1428;KELLOGG'S
1429;QUAKER
1430;ALPEN
1431;WEETABIX ORIGINAL
1432;JORDANS
1433;TILO'S
1434;COMPTES DE PROVENCE
1435;LES COMTES DE PROVENCE
1436;CHIVERS
1437;CLEMENT FAUGIER
1438;LUNE DE MIEL
1439;MAPLE JOE
1440;COTE MIEL
1441;APICULTEURS ASSOCIES
1442;LE QUEBECOIS
1444;DAKATINE
1445;MATERNE
1446;MONT BLANC
1447;BEYER
1448;MOUNT ELEPHANT
1449;GLORIA
1450;REGILAIT
1451;ALSA
1452;FRANCINE
1453;VAHINE
1454;IMPERIAL
1455;SPAAS
1456;TREBLEC
1457;SUNNY
1458;TUTTI FREE
1459;SAINT LOUIS
1460;COMPTOIR DU SUD
1461;CANDEREL
1462;PURE VIA
1463;MI PERLA
1464;POWERADE
1465;TRUC DE FOU
1466;BURN
1467;MONSTER RIPPER
1468;MONSTER REHAB
1469;RED BULL
1470;COCA-COLA
1471;PEPSI
1472;LORINA
1473;RICQLES
1474;CANADA DRY
1475;SCHWEPPES
1476;GINI
1477;ORANGINA
1478;SPRITE
1479;BRUT DE POMME
1480;SEVEN UP
1481;MIRINDA
1482;FANTA
1483;DR.PEPPER
1484;SUMOL
1485;SAN PELLEGRINO
1486;CACOLAC
1487;ARIZONA
1488;TAS BRAND
1489;FRUIT SHOOT TEISSEIRE
1490;TROPICO
1491;OCEAN SPRAY
1492;PAGO
1493;FRUITE
1494;PRESSADE
1495;CARAÏBOS
1496;LE BRUN
1497;NORKY
1498;CIDOU
1499;VAI VAI
1500;CAPRI-SUN
1501;MINUTE MAID
1502;TEISSEIRE
1503;SPORT BERGER
1504;SKOLL TUBORG
1505;1664
1506;K BY KRONENBOURG
1507;GRIMBERGEN KRIEK
1508;DESPERADOS
1509;CUBANISTO
1510;HOEGAARDEN
1511;AMSTERDAM
1512;GRIMBERGEN
1513;EDEILWESS
1514;CORONA EXTRA
1515;GROLSH
1516;CARLSBERG
1517;KRONENBOURG
1518;KANTERBRAU
1519;HEINEKEN
1520;PELFORTH
1521;AFFLIGEM
1522;FISHER
1523;ADELSCOTT
1524;SAINT-OMER
1525;33 EXPORT
1526;GOULADE
1527;BLONDERBRAU
1528;JENLAIN
1529;3 MONTS
1530;LEFFE
1531;STELLA-ARTOIS
1532;HOLLANDIA
1533;BAVARIA
1534;PAUWEL KWAK
1535;KARMELIET
1536;GEORGES KILLIAN
1537;EKU
1538;KIRIN BEER
1539;GUINESS
1540;GORDON
1541;BECASSE
1542;CHIMAY
1543;KRIEK FOUDROYANTE
1544;MORT SUBITE
1545;ST-STEFANUS
1546;DUVEL
1547;WESTMALLE
1548;SUPER BOCK
1549;TSINGTAO
1550;PERONI
1551;PILSNER
1552;ECUSSON
1553;LOIC RAISON
1554;FORCE 4
1555;TOURTEL
1556;BUCKLER
1557;PANACH
1558;CHAMPOMY
1559;SOMBRERO
1560;LICHETTE
1561;IRIS
1562;LES FLORELLES
1563;RESERVE DE ROUGEROY
1564;COULEURS DU SUD
1565;ROCHE MAZET
1566;DOMAINE HAUTE TOUR DE LA DEBAUDIERE
1567;MOILLARD
1568;YVECOURT
1569;LES ORMES DE CAMBRAS
1570;CUVEE DU PATRON
1571;SELECTION BELLE FRANCE
1572;ARÔMES & VIN
1573;LES 3 ORMEAUX
1574;TERROIR CALCAIRE
1575;APREMONT
1576;L'AURORE
1577;CARDINALICES 
1578;SAUTERNES
1579;LAGARDE
1580;CHÂTEAU DE LA MOUCHETIERE
1581;PINOT
1582;CLEMENT BOSQUET
1583;LAROCHETTE
1584;HARDYS STAMP
1585;PELURE
1586;CHAMPLURE
1587;BOULAOUANE
1588;SIDI YOUSSOUF
1589;GRENACHE SYRAH
1590;CAMBRAS
1591;AIME ROQUESANTE
1592;SABLE DE CAMARGUE
1593;BILLETTE
1594;MONCIGALE
1595;DOMAINE SAINTE ANNE
1596;DOMAINE DALMA
1597;CHAGNOL
1598;MATEUS
1599;CLERGET
1600;CORDIER
1601;CORDIER TERRES D'HERITAGES
1602;VIEUX PAPES
1603;CELLIER DES DAUPHINS
1604;LA CROIX D'AUSTERAN
1605;SIDI IBRAHIM
1606;LES COMBES DE SAINT-SAUVEUR
1607;BARON DE LESTAC
1608;DOMAINE DE LA CAPELLANIE
1609;TERRES D'OVALIE
1610;CELLIER DU GRANGEON
1611;GAMAY L'ELEGANT
1612;LEON PERROT
1613;MOUTON CADET
1614;ECLAT DU RHÔNE
1615;LOUSTAU CASAUBON
1616;ROC DES CHEVALIERS
1617;CHATEAU CAILLOU
1618;JOBELINE
1619;LICHINE
1620;CHÂTEAU FLEUR JEAN GUE
1621;SECRET DES DIABLES
1622;CLOS DE ROQUE NEGRE
1623;PERNICI
1624;CHIANTI VALLERINI
1625;CHÂTEAU DE LA GRAVETTE
1626;LES AMOURS
1627;CHÂTEAU PERILLAS DE MICHAUD
1628;L'ANGE DE RIPEAU
1629;LAURENT PERRIER
1630;CAFE DE PARIS
1631;PIPER-HEIDSIECK
1632;KRITER
1633;LARSON
1634;MUMM
1635;VEUVE CLICQUOT
1636;KIR ROYAL
1637;ALFRED DE ROTHSCHILD
1638;GRATIEN MEYER
1639;POL REMY
1640;CANARD-DUCHÊNE
1641;CANARD DUCHENE
1642;MERCIER
1643;COMPTE DE TARVILLE
1644;RUINART
1645;GEILE
1646;DOM PERIGNON
1647;MOET ET CHANDON
1648;VOUVRAY
1649;MOILLARD-GRIVOT
1650;CLAIRETTE DE DIE
1651;JAILLANCE
1652;BARON DE BELLAC
1653;NICOLAS FEUILLATTE
1654;CHARLES VOLNER
1655;MUSCADOR
1656;DE VENOGE
1657;RUHLMANN
1658;CAZANOVE
1659;DEUTZ
1660;RICCADONNA
1661;CHANOINE
1662;DRAPPIER CARTE D'OR
1663;VILLA GRANDA
1664;1664
1665;MARTINI
1666;AMBASSADEUR
1667;VABE
1668;NOILLY PRAT
1669;BERGER
1670;BYRRH
1671;SUZE
1672;PASTIS 51
1673;LILLET
1674;WILLIAM PITTERS
1675;FLORIANE
1676;PALERMO
1677;D'ARTIGNY
1678;CRUZ
1679;FLORANIS
1680;RICARD
1681;DUVAL
1682;PASSOA
1683;PICON CLUB
1684;PICON BIERE
1685;GUIGNOLET
1686;PISANG COREA
1687;SANDEMAN
1688;CAMPARI
1689;APEROL
1690;SISCA
1691;GET 31
1692;GET 27
1693;GRAND MARNIER
1694;REMY MARTIN
1695;DOM
1696;MARIE BRIZARD
1697;SOHO
1698;CODIGO DE BARRAS
1699;SYLVAIN
1700;MALANDRIE
1701;COURCEL
1702;BUSNEL
1703;SAINT-VIVANT
1704;MALIBU
1705;COINTREAU
1706;JAGERMEISTER
1707;BAILEY'S
1708;FERNET BRANCA
1709;NEGRITA
1710;DILLON
1711;OLD NICK
1712;MARIE GALANTE
1713;AGUACAN
1714;CLEMENT
1715;PALMIER
1716;LA MARTINIQUAISE
1717;SAINT JAMES
1718;CHARRETTE
1719;MAUNY
1720;3 RIVIERES
1721;DAMOISEAU
1722;CAPTYAIN MORGAN
1723;BACARDI
1724;HAVANA CLUB
1725;MISTER COCKTAIL
1726;VENEZZIO
1727;CANADOU
1728;ERISTOFF
1729;OLD LADY'S
1730;SAN JOSE
1731;MAYA
1732;POLIAKOV
1733;ROYAL
1734;GIBSON
1735;BOMBAY SAPHIRE
1736;GREY GOOSE
1737;SMIRNOFF
1738;ZUBROWKA
1739;SOBIESKI
1740;ABSOLUT
1741;CHIVAS REGAL
1742;GLEN GRANT
1743;JACK DANIEL'S
1744;SIR EDWARD'S
1745;WILLIAM PEEL
1746;GOLDEN HOUSE
1747;GOLDRY
1748;OLD BARRY
1749;LABEL 5
1750;FOUR ROSES
1751;CLAN CAMPBELL
1752;FAMOUS GROUSE
1753;AKASHI
1754;JOHNNIE WALKER
1755;CARDHU
1756;LAGAVULIN
1757;BALLANTINE'S
1758;LONG JOHN
1759;J&B
1760;BUSHMILLS
1761;KNOCKANDO
1762;JIM BEAM
1763;MONKEY SHOULDER
1764;GRANTS
1765;GLENFIDDICH
1766;WILLIAM LAWSON
1767;JAMESON
1768;PADDY
1769;VOLVIC
1770;BADOIT
1771;PERRIER
1772;CRISTALINE
1773;LA SALVETAT
1774;ST-YORRE
1775;VICHY CELESTINS
1776;PERRIER FINES BULLES
1777;SAINT-BENOIT
1778;VALS
1779;ROZANA
1780;QUEZAC
1781;VITTEL
1782;EVIAN
1783;SAINT AMAND
1784;CONTREX
1785;HEPAR
1786;CHANTEREINE
1787;MONT ROUCOUS
1788;THONON
1789;COURMAYEUR
1790;ELSEVE
1791;GARNIER
1792;LE PETIT MARSEILLAIS
1793;ULTRA DOUX
1794;FRUCTIS
1795;DESSANGE
1796;TIMOTEI
1797;ELNETT
1798;L'OREAL
1799;CADONET
1800;VIVELLE DOP
1801;SWARZKOPF
1802;PENTO
1803;FRANCK PROVOST
1804;SAINT ALGUE
1805;OLIA
1806;PETROL HAHN
1807;MARIE ROSE
1808;GLISS
1809;P'TIT DOP
1810;MIXA BEBE
1811;DOP
1812;HEAD & SHOULDERS
1813;PALMOLIVE
1814;NIVEA
1815;SANYTOL
1816;MIXA
1817;DOVE
1818;REXONA
1819;BRUT
1820;SCORPIO
1821;NARTA
1822;MENNEN
1823;USHUAIA
1824;FA
1825;MONSAVON
1826;VEET
1828;ADIDAS
1829;AXE
1830;WILLIAMS EXPERT
1831;SANEX
1832;REXONA MEN
1833;BIEN-ETRE
1834;MONT SAINT MICHEL
1835;MAYBELLINE
1836;DIADERMINE
1837;ROVAL
1838;ELLITE
1839;BERANGE
1840;BIC
1841;GILLETTE
1843;CILS DEMASQ
1844;GEMEY MAYBELLINE
1845;LABELLO
1846;VENDOME
1847;ARBRE VERT
1848;CORINE DE FARME
1849;FROZEN
1850;CORINNE DE FARME
1851;LE PETIT OLIVIER
1852;CADUM
1853;PERSAVON
1854;TAHITI
1855;TENA
1857;VANIA
1858;ALWAYS
1859;NANA
1860;NETT
1861;TAMPAX
1862;INTIMA
1863;VU
1864;LE CHAT
1865;L'ARBRE VERT
1866;LA PERDRIX
1867;ISABEL
1868;DONGE
1869;CLEOPATRA
1870;SANOGYL
1871;LISTERINE
1872;COLGATE
1873;SIGNAL
1874;ZENDIUM
1875;ELMEX
1876;AQUAFRESH
1877;DENIVIT
1878;VADEMECUM
1879;FLUORYL
1880;EMAIL DIAMANT
1881;TERAXYL
1882;SENSODYNE
1883;ORAL B
1884;TONIGENCYL
1885;STERADENT
1886;POLIDENT
1887;DEMAK'UP
1888;KLEENEX
1889;LE TREFLE
1890;DUREX
1891;MERCUROCHROME
1892;JUVAMINE
1893;SCHOLL
1894;QUIES
1895;NYLON
1896;ELITE
1897;CIF
1898;CILLIT BANG
1899;VITROCLEAN
1900;DECAP'FOUR
1901;YOU
1902;ANTIKAL
1903;MR PROPRE
1904;LA CROIX
1905;DESTOP
1906;OURAGAN
1907;ACTIFF
1908;DOMESTOS
1909;HARPIC
1910;AIRWICK
1911;FINISH
1912;CANARD
1913;BREF WC
1914;BONARIA
1915;COBRA
1916;WC NET
1917;CROC ODOR
1918;FEBREZE
1919;GLADE BY BRISE
1920;BRISE
1921;DR.BECKMANN
1922;RAINETT
1923;BEC
1924;EAU ECARLATE
1925;LODA
1926;CAROLIN
1927;IBA
1928;SWIFFER
1929;O'CEDAR
1930;PLIZ
1931;ST MARC
1932;AJAX
1933;VIGOR
1934;MIR
1935;NETTY
1936;ROBIN
1937;FABULON
1938;MIEUXA
1939;CALGON
1940;CAJOLINE
1941;MINIDOU
1942;LENOR
1943;CHANTECLAIR
1944;SOUPLINE
1945;FEBREZE TEXTILE
1946;VANISH
1947;K2R
1948;ACE
1949;BUHLER
1950;WK-ULTRA
1951;GENIE
1952;SUPERCROIX
1953;X-TRA TOTAL
1954;NETTYMATIC
1955;ARIEL
1956;DASH
1957;OMO
1958;PERSIL
1959;SKIP
1960;WOOLITE
1961;MAISON VERTE
1962;GAMA
1963;PAIC
1964;IDEAL
1965;MELITTA
1966;SUN
1967;MAPA
1968;SPONTEX
1969;JEX
1970;LA MENAGERE
1971;LE PARFAIT
1972;CELD
1973;DOIGTS NETS
1974;CRICKET FIREPOWER
1975;FLAM'UP
1976;OSRAM
1977;ENERGIZER
1978;VILEDA
1979;KIWI
1980;PHENIX
1981;FEUDOR
1982;ACTIFEU
1983;GRILL BARBECUE
1984;DURACELL
1985;OKAY
1986;SOPLEIX
1987;SOPALIN
1988;FESSNETT
1989;CILIA
1990;RAID
1991;BAYGON
1992;CATCH
1993;ZENSECT
1994;VITOMIT
1995;BRITA
1996;MIROR
1997;SCEL O FRAIS
1998;ALFAPAC
1999;AQUA
2000;EMBAL'SAC
2001;TERRALAND
2002;NOKY
2003;TIFANY
2004;WEEKEND
2005;PAMPERS BABY-DRY
2006;PAMPERS NEW BABY
2007;PAMPERS SIMPLY DRY
2008;PAMPERS ACTIVE FIT
2009;PAMPERS
2010;PAMPERS EASY UP
2011;DRYNITE
2012;HELEN HARPER
2013;1er Prix LM
2014;UP&GO
2015;HIPP BIOLOGIQUE
2016;BLEDINA
2017;HIPP
2018;GUIGOZ
2019;GALLIA
2020;TIGEX
2021;POUPINA
2022;HUGGIES
2023;SCOTCH
2024;TIPP-EX
2025;LOCTITE
2026;UHU
2027;OXFORD
2028;POST-IT
2029;FESTIFOLY
2030;KOPIERPAPIER
2031;ULTIMA
2032;FRISKIES
2033;PEDIGREE PAL
2034;BREKKIES
2035;PURINA FIDO
2036;AFFINITY
2037;FROLIC
2038;PURINA ONE
2041;CESAR
2042;CANIGOU
2043;WHISKAS
2044;PURINA
2045;MA PREFEREE
2046;LIT-DEALE
2047;TRANQUILLE
2048;CATSAN
2049;LOVELY CAT
2050;CAT FRESH
2051;SHEBA
2052;GOURMET
2053;SAINT BERNARD
2054;DIM
2055;MAECHLER
2056;KERYVEL
2057;RAVI
2058;DOUCEUR DE FRANCE
2059;GRANCOEUR
2060;SIXTELLE
2061;VALOR
2062;ISIGNY SAINTE MÈRE
2063;ABCD
2064;C.D.P.O
2065;FLORY
2066;DEBIC
2067;BAIGNES
2068;FORCE +
2069;CANDY'UP
2070;VIE DE CHÂTEAU
2071;LIVRADOIS
2072;REMBERTER
2073;BEL
2074;ALLIANCE FROMAGÈRE
2075;PARECO
2076;COLLET A.
2077;EURIAL
2078;PICANDINE
2079;COEUR DE LION
2080;RUSTIQUE
2081;LIGUEIL
2082;BARRE ORANGE
2083;ACPV
2084;PER INTER
2085;READY FOR YOU
2086;MONTS ET TERROIRS
2087;LE CLOITRE
2088;MAESTRELLA
2089;HOTOS
2090;P'TIT CABRAY
2091;MICHELANGELO
2092;B.M.I
2093;CAREL TRADITION.
2094;GRAN MAESTRE
2095;NOUVION
2096;MONTS DE JOUX
2097;CADI
2098;ITALIE
2099;VARINIÈRE
2100;PAYS FROMAGER
2101;POCHAT
2102;HELLMANN'S
2103;COUTUR
2104;MONTSALVY
2105;URGELIA
2106;MAMIE NOVA
2107;LA COTENTAISE
2108;SVELTESSE
2109;LAITIÈRE
2110;CHARLES & ALICE
2111;S.TOSELLI
2112;ROYANS
2113;JARDINS DU MIDI
2114;RAIFALSA
2115;LUTOSA
2116;M'CAIN
2117;CELA VITA
2118;AMAND TRAITEUR
2119;CHRIST
2120;FOURNIER
2121;BLASON DE MONACO
2122;BOLARD
2123;SARRADE
2124;FEYEL
2125;ROUGIÉ
2126;LEYMARIE
2127;ROUTHIAU
2128;PROCANAR
2129;FASSIER
2130;COOPERL
2131;RIVALAIN
2132;AMAND TERROIR
2133;BERNI
2134;GILLET
2135;L'OUSTIN
2136;CASA MODENA
2137;OLONA
2138;ARGOAT
2139;BROCELIANDE
2140;BAZIN
2141;L'ARTISANE
2142;ID FRUIT
2143;BIO D'ARMOR
2144;BIONAT
2145;CARR'S
2146;DELSER
2147;VIVIEN PAILLE
2148;DELOS
2149;ST-MICHEL
2150;RIVAZUR
2151;POPPIES
2152;LES GAVOTTES
2153;ROCHER
2154;CÉMOI
2155;DUCOURTIEUX
2156;BOUVARD
2157;CANTREAU
2158;CORINETTE
2159;PIDY
2160;ERTE
2161;PAINSOL
2162;FILET BLEU
2163;GAVOT
2164;OKAKAO
2165;J.DUCOURTIEUX
2166;KREEK'S
2167;PROGRESO
2168;GRAND MILANO
2169;QUOTIDIEN
2170;SEGAFREDO
2171;SAGY
2172;ARABIKA
2173;SAGY SELECTION
2174;LYOSANTO
2175;SAGYTO
2176;SAGYCORÉ
2177;KINSLEY
2178;YLANTE
2179;TWINING
2180;CORSI
2181;GYCAO
2182;MONBANA
2183;SAGYKA
2184;DIPA
2185;CASE ÉPICES
2186;COUNTRY FARM
2187;BARRY
2188;PUPIER
2189;CANTALOU
2190;DOLIS
2191;CHATINE
2192;CHABERT ET GUILLOT
2193;YABON
2194;RÉCRÉ OLÉ
2195;SOULIÉ
2196;COMPLET
2197;DOCELLO
2198;NEFF
2199;ANDROS CHEF
2200;MOENCH
2201;PURCAO
2202;BON SAUCIER
2203;CAULLET
2204;PURATOS
2205;ONE SPRAY
2206;BRIANÇON
2207;FLORENSUC
2208;CIPRIAL
2209;OPIES
2210;SÉBALCÉ
2211;MARIBOU
2212;MENEAU
2213;PATRELLE
2214;CERNO
2215;FRANCE
2216;SOGAP
2217;ST LUCIE
2218;DADDY
2219;APIFRUIT
2220;DOLE
2221;LEONCE BLANC
2222;FARAUD
2223;RAVIFRUIT
2224;M PRUNILLE
2225;EAT ME
2226;PRUNILLE
2227;SAGYLAIT
2228;MATINES
2229;CORDE JAUNE
2230;COLOMBES
2231;JULIETTE
2232;ALPINA
2233;LÉGUMOR
2234;DARI
2235;ZAKIA
2236;LA GAZELLE
2237;BEAUMARAIS
2238;PANZANI PLUS
2239;CHEF
2240;SIBELL
2241;MAESTRO
2242;THAÏ KITCHEN
2243;SUZI-WAN
2244;ITALPASTA
2245;SAMIA
2246;ARFOU
2247;RIZ DU MONDE
2248;RISO GALLO
2249;YOROKOBI
2250;LEGUM
2251;GRAIN VITAL.
2252;POTAGÈRE
2253;KNORR 1.2.3
2254;KNORR PRO.
2255;SILL
2256;BREDON
2257;MAKLI
2258;BRIGHT
2259;KNORR CARTE BLANCHE
2260;GARDE D'OR KNORR
2261;DOLMIO
2262;L.MARTIN
2263;MUTTI
2264;ARAMAYO
2265;MARAICHOU
2266;JYRELA
2267;CIRIO
2268;IMPORT
2269;ROLLI
2270;LÉA & PERRINS
2271;DIJONA
2272;REINE DE DIJON
2273;GYMA
2274;LKK
2275;SAVEURS ET SAUCES
2276;VINAJOL
2277;ILOU
2278;AICHA
2279;PEGASE
2280;BONTOUT
2281;PROVENCE
2282;CEPASCO
2283;ESPIG
2284;CEDO
2285;BALEINE
2286;ESCO
2287;CEREBOS
2288;LAPALISSE
2289;RISSOCHEF
2290;RISSO ELITE
2291;FRITOCHEF
2292;ANTIQUA
2293;ALRO
2294;ARNAUD JOLLY
2295;LA PERRUCHE
2296;ST LOUIS
2297;SOL
2298;BEGHIN SAY
2299;COMPTOIR SUD
2300;PARÉO
2301;LA PULPE
2302;ST MAMET
2303;VALADE
2304;BERGER DES FRUITS
2305;EUROMIEL
2306;MICHAUD
2307;ODENWALD
2308;DAUFRUIT
2309;JIC
2310;KODY
2311;MAINGOURD
2312;DUNE
2313;PRINCESSE DE NAVARRE
2314;JEAN NICOLAS
2315;ESPAGNE
2316;ARTIMOR
2317;VIRU
2318;PROCHAMP
2319;BEAUVAL
2320;GOURMAN
2321;PLANTIN
2322;LA CHÂTAIGNE
2323;FURIC
2324;KERITI
2325;ARMORIAL
2326;RECAPE
2327;TRAD.& PRESTIGE
2328;CASTEL LOUBEYRAC
2329;M DE CASTELLAC
2330;MILLIAT
2331;MARCEL BUFFLE
2332;BUFLE
2333;PETITJEAN
2334;SAGYSUC
2335;DELAAN
2336;NATURNES
2337;BLEDICHEF
2338;BOPI
2339;PAMPRYL
2340;PLEIN  FRUIT
2341;RÉCRÉ
2342;SOLAL
2343;COCA COLA
2344;STEFF
2345;MARIE BOUCHARD
2346;DILIDAM
2347;WILLIAM
2348;AKROBATE
2349;FRITZ BRAU
2350;CUVÉE D'ARMORIQUE
2351;CRISTAL-ROC
2352;SALVETAT
2353;VICHY CÉLESTIN
2354;SEMEUR DE VENT
2355;ROC DE BECAYRE
2356;BARON MARTINAY
2357;CLOSERIE PINS
2358;RIGAL
2359;CHÂTEAU VAULICHERE
2360;PETITE GRAPPE
2361;MESSIRE LAURENT
2362;HAUT COLOMBIER
2363;JEAN MONTBRAY
2364;CH. MOURLANE
2365;CELLIERS DU BELLAY
2366;MOILAR
2367;KIEFFER
2368;FOURNEAUX
2369;RICHEVIN
2370;RIEUMONT
2371;HOLA
2372;T & GASTRONOMIE
2373;JOSEPH VERDIER
2374;GARRIGUETTE
2375;MAXIME BELLAN
2376;FIGUET
2377;SIEUR D'ARQUES
2378;BARON BELLAC
2379;PURO
2380;TRADIBIO
2381;SUNNY BIO
2382;POTAG
2383;SOLIPRO
2384;AXAL
2385;BOLDAIR
2386;DELTA PLUS
2387;VENITACTYL
2388;ZÉPHYR
2389;AQUAD
2390;BIOPRIM
2391;WIZZY BOX
2392;21µ
2393;ALPHAFORM
2394;RONDOPACK
2395;ALPHATOP
2396;CAISSIPACK
2397;SELFIPACK
2398;DELIPACK
2399;SERVIPACK
2400;ALPHA
2401;ALPHAC
2402;CPAK
2403;ONDIPACK
2404;BONCOLAC
2405;VITACUIRE
2406;DÉLIFRANCE
2407;SYMPHONIE
2408;DIEPPOISE
2409;AMERICAN DESSERT
2410;GILLES PATISSIER
2411;KAREA
2412;SOLUTION DESSERT
2413;BANQUET D'OR
2414;APPÉTIT FRANCE
2415;COBRAL
2416;MIO
2417;GIZZI
2418;CROP'S
2419;ARDO
2420;BRETAGNE SURGEL
2421;PINGUIN
2422;DARÉGAL
2423;MR ARTHUR
2424;PETIBOUT
2425;VESTEYFOODS
2426;CHIRON
2427;VESTFOOD
2428;NLLE ZÉL
2429;LOEUL & PIRIOT
2430;U.E
2431;NL ZÉL/AUSTRALIE
2432;JB VIANDE
2433;AGRIPEX
2434;VOLANDINE
2435;PÈRE DODU
2436;GEWY
2437;CHINE
2438;ERIMER
2439;ATLANTIQUE NORD
2440;ATLANTIQUE
2441;CHILI
2442;PACIFIQUE
2443;USA
2444;INDE
2445;GROËNLAND
2446;SYLGEL
2447;FRANÇAISE GASTRONOMI
2448;PÉROU
2449;HILCONA
2450;JEUNE MONTAGNE
2451;PASTASI
2452;PAUL HEUMANN
2453;ISOSTAR
2454;VINAJOL
2455;FRUTID'OR
2457;FABERGE
2458;PÊCHEURS BRETONS
2460;PATRIGEL
2461;SARDENI
2462;CALVARES
2463;BELMA
2464;sniw
2465;Mango Machine
2466;TERRE  ET Céréales
2467;Dr. KARG'S
2468;AUNT MABEL'S
2469;HERAS BARECHE
2470;Délichoc
2471;L'Or
2472;Charles Vignon
2474;VERQUIN Confiseur
2475;Delice de Belle France
2476;LUSTRUCRU
2477;Nissin
2478;NATURE BIO
2479;Tulipe
2480;GARBBIT
2481;ALPRO
2482;Viognier
2483;Le Cadet de Labastide
2484;Domaine Cibad
2485;Domaine Cantaussels
2486;Merlot - Cabernet
2487;Syrah
2488;Domaine de Flines
2489;Domaine de Luch
2490;Domaine d'Aula
2491;Cabernet Sauvignon
2492;Vignerons de Saumur
2493;SAINT NICOLAS DE BOURGUEIL
2494;MALBEC BLEND
2495;Cabanel LA CLAPE
2496;Pessac Leognan
2497;Fidele de Bergerolle
2498;Macon Pierreclos
2499;Château les Grands Jays
2500;Château Grand-Pey-Lescours
2501;Dame Guilherme
2502;Côtes-de-bordeaux
2503;Magnum Château
2504;La Cave des Hautes-Côtes
2505;La raballe
2506;CHATEAU DE L'AIGUILLON
2507;Château Grand Corbin
2508;Château du Parc
2509;Côtes-du-Rhône
2510;Château Ponteilla
2511;Pomerol
2512;Château Marguerite
2513;Boyd Cantenac
2514;Le Reyssac Bergerac
2515;Château Canon
2516;Château Villerambert-Julien
2517;Château Les Bernèdes
2518;DOMAINE DE L'AUBEPIN
2519;Chiroubles
2520;Pasquier Des Vignes
2521;CHÂTEAU MILOUCA
2522;CHATEAU LES JOYEUSES
2523;Château Terrey Gros Cailloux
2524;AOC Languedoc
2525;languedoc
2526;Châteauneuf
2527;Domaine Chaume-Arnaud
2528;Château La Tour de Mons
2529;Chateau Fonreaud
2530;Delas
2531;Château Belle Grange
2532;CHÂTEAU ANDREA
2533;chateau beausejour
2534;Moulis-en-Médoc
2535;Château Trois Moulins
2536;Château au Vignoble
2537;CHATEAU TAILLEFER
2538;Château De La Vaure Boisé
2539;Château de Lamarque
2540;Château La Gaffelière
2541;Domaine de Paris
2542;Château Figeac
2543;Saint Chinian
2544;Les Hauts de Pez
2545;Carnet Haut Médoc
2546;CALON SEGUR
2547;CHÂTEAU POUJEAUX
2548;Château l'essentiel
2549;Domaine Pradelle
2550;CHÂTEAU CROIX DE THOMAS
2551;Vignerons de Canteperdix
2552;Niellucciu Corse
2553;Château Molhière
2554;Coteaux du Layon
2555;CHÂTEAU COMBET
2556;Comte de Plasy
2557;Compte Aix
2558;Château Boyrein
2559;Domaine Trémourède
2560;Lucien Albrecht
2561;Domaine de la Chaise Touraine
2562;Coteau du Blettig
2563;COMTE DE BEAUNE
2564;Domaine du Guette-soleil
2565;Château Romer
2566;Château Lichine
2567;LUCIEN EDELSTEIN
2568;Philippe Deval
2569;Guillaume de Vergy
2570;Domaine Dopff
2571;Porto Cruz
2572;Belvedere
2573;BEEFEATER
2574;MC BRIDE
2575;Cilit Bang
2576;Handy Bag
2577;Corrine De Farme
2578;Clairefontaine
2579;Ulmann
2580;Cricket
2581;x20
2582;x50
2583;CATISFACTIONS
2584;CAFE ROY
2585;RUHMANN
2586;FINLEY
2587;SEVERIN
2588;JP CHENET
2589;BERNARD MAGREZ
2590;FAUCHON
2591;LENOTRE
2592;ESCAL
2593;BASKALIA
2594;GILLOT
2595;LA FERME A JULES
2596;JEAN LARNAUDIE
2597;RICHES MONTS
2598;GREEN SHOT
2599;MILKY LUX
2600;MAISON TRILLAUD
2601;JUAN LUNA
2602;PINE CREEK
2603;CROWN ROYAL
2604;RIVIERE
2605;ABERLOUR
2606;COURVOISIER
2607;SKOLL
2608;GLEN ROGERS
2609;POMPOM ROUGE
2610;JOKER
2611;MAY TEA
2612;EPARCYL
2613;KELLOG'S
2614;LAY
2615;XTRA
2616;SCHWARZKOPF
2617;MOET & CHANDON
2618;VERY PAMPLEMOUSSE
2619;AMBRE SOLAIRE
2620;MARTELL
2621;HENNESSY
2622;CHEMIN DES PAPES
2623;DEMOISELLE
2624;LA GROLLE
2625;BF
2626;LAVIGNE
2627;LA GOUDALE
2628;THORINS
2629;CH'TI
2630;LA BETTE
2631;BREDELE
2632;ONCLE HANSI
2633;CANDY TOPS
2634;RINCE COCHON
2635;COMTES DE PROVENCE
2636;COMYES DE PROVENCE
2637;SECRET DES MOINES
2638;ABBAYE DU LYS
2639;GODINAT
2640;BELZEBUTH
2641;LA BASTIDE NEUVE
2642;JAS DES BOUFFANS
2643;LA CROIX DE COURTIGUES
2644;COMEDIE
2645;PIETRA
2646;PEPSI COLA
2647;CLOCHEMERLE
2648;AUCA
2649;BELLEVUE FIGEAC
2650;DEGLET
2651;YEUF
2652;CHÂTEAU DU RELAIS
2653;L'HERRE
2654;TERROIR D'AVRILLE
2655;ALBAL
2656;PAULANER
2657;CANARD WC
2658;AUTAN
2659;TANQUERAY
2660;TALISKER STORM
2661;SINGLETON
2662;DIMPLE
2663;CAPTAIN MORGAN
2664;GORDON'S
2665;BALLANTINES
2666;TORMORE
2667;SCAPA
2668;ARDMORE
2669;LAPHROAIG
2670;JB
2671;HIGHLAND PARK
2672;GLENMORANGIE
2673;AUCHENTOSHAN
2674;FULLER'S
2675;BREWDOG
2676;CONNEMARA
2677;SWMIRNOFF
2678;JULES DESTROOPER
2679;LA CHOUFFE
2680;KASTEEL
2681;MAREDSOUS
2682;DUCADEZ
2683;BROOKLYN
2684;BROOKLYN
2685;DAN CAKE
2686;WISENT
2687;DEMAK' UP
2688;SAUZA
2689;FELIX
2690;SKYY
2691;GRANORO
2692;VICENZI
2693;NUTELLA
2694;DISARONNO
2695;EMILIA PERCINI
2696;LA TRAPPE
2697;TIOMOTEI
2698;SINGHA
2699;LA LAITIERE
2700;PRIM'GRILL
2701;CRUDETTES
2702;MONFORT
2703;CROISIERE
2704;ÉCHIRÉ
2706;SAINT MORET
2707;COCORETTE
2708;ANJOUIN
2709;DELPIERRE
2710;SAINT AMOUR
2711;LA FERME DU PONT AUX LOUPS
2712;LUXLAIT
2713;MYTILIMER
2714;MOI
2715;SOLERO
2716;MAGNUM
2717;L'ANGELYS
2718;SMARTIES
2719;SMILEY
2720;DELY
2721;HAAGEN DAZS
2722;SNIKERS
2723;ACTIVIA
2724;ASSIETTE BLEUE
2725;À TABLE
2727;BENCO
2728;DR KARG'S
2729;TYRELLS
2730;LES CALENDIÈRES
2731;LA CROIX D'ARMENS
2732;LA TOUR BLANCHE
2733;LE CLOS
2734;BALLANCIN
2735;TIFFANY
2736;BOADAS 1880
2737;Cesar Moroni
2738;Dounat
2739;Joel Robuchon
2740;Taka
2741;CELLIFLORE
2742;FREIXENET
2743;Gravottes
2744;Gravottes
2745;GLASSEX
2746;SAINT MICHEL
2747;HERAS
2748;EUROBIS
2749;GUSPARO
2750;WEETABIX
2751;EL AMENDO
2752;MR FREEZE
2753;CLASSIC FOOD
2754;KHÜNE
2755;509067
2756;SPAAR
2757;PITCH
2758;USHAÏA
2759;GLEN DEW
2760;7 UP
2761;UNILEVER
2762;VINOVALIE
2763;BULLEIT
2764;RUBSON
2765;COTTAGE
2766;RIVIERE DU MAT
2767;TROLL
2768;TROLLS
2769;GLEN TURNER
2770;LES CAVES DU BUISSON
2771;MALESAN
2772;X-TRA
2773;Daucy
2774;RAYNAL & ROQUELAURE
2775;DAMPT FRERES
2776;DAMPT FRERE
2777;ROGUE
2778;JEAN-JACQUES AUCHERE
2779;GALAK
2780;CLASSIC ULMANN
2781;CHÂTEAU MIRAUSSE
2782;MILLESIME DE CASTELLANE
2783;MAYTEA
2784;LA COLLINE AUX PRINCES
2785;STABILO
2786;LAY'S GOURMET
2787;BLAISSAC
2788;"DOMAINE DE CHALUSSON ""L'ARZILLIER"""
2789;ROCHES-LINIERES
2790;MOENCHBORNER
2791;CHÂTEAU VIEUX POTANA
2792;CHÂTEAU TAUZINAT L'HERMITAGE
2793;CHATEAU TIMBAU
2794;CHÂTEAU HAUT-CAPLANE
2795;AZURE
2796;LES VIGNES D'HENRY
2797;CAVE DE TAIN LES HAUTS DE PAVIERES
2798;VRANKEN DEMOISELLE
2799;DOMAINE DES JACOTINS
2800;FRANCOIS MARTENOT
2801;GRAND BASTIE
2802;MEO
2803;LES GRANGES DES PAPES
2804;DOMAINE FLORENCE MEJAN LES MUSES
2805;DOMAINE LEVERT BARAULT
2806;GRANDE CUVEE CHARLES LAFITTE
2807;BRASSERIE CASTELAIN
2808;Jade
2809;MAGISTRALE RAIMBAULT
2810;CUVEE DE LA REINE MARIE STUART
2811;MONT TAUCH
2812;BRASSERIE ROMAN
2813;CHÂTEAU CAZAT-BEAUCHÊNE
2814;CLEMENT-PICHON
2815;CHÂTEAU DU GRAND SOUSSANS
2816;COMTESSE DUCHATEL
2817;DOMAINE MARMORIERES
2818;LES ROCHETTES
2819;Château La Frière
2820;CHÂTEAU MACQUIN
2821;DOMAINE MORIN
2822;DUC DE MEZIERE
2823;CHARLES DE CAZANOVE
2824;SIGNE BOURGOGNE
2825;C. DE L'AURORE
2826;Beaune Rouge
2827;CHÂTEAU CANSAC
2828;CHÂTEAU DES BRUGES
2829;CHÂTEAU MOULIN BELLEVUE
2830;DOMAINE DU REY
2831;DOMAINE GREVOUX CHARLES VIENOT
2832;Bourgueil
2833;RESERVE DE LA RABELAISIE
2834;CUVEE DE LA PEYROUSE
2835;CHÂTEAU DES PAQUELETS
2836;Belle Grâce
2837;CHÂTEAU HAUT PLANTEY
2838;CHÂTEAU BELFORT
2839;ELOGE DU CHÂTEAU LE BERNAT
2840;Cuvée Eva
2841;VTE0
2842;G20
2843;DOMAINE DE LA MARGOT
2844;LA FONT DES GRIERES
2845;JARDIN BIO
2846;CHÂTEAU FITERE
2847;LE MAS DES GENÊTS
2848;DOMAINE RAMAYROLE
2849;TERRES POURPRES
2850;LE DAUPHIN D'OLIVIER
2851;Domoclip
2852;CHÂTEAU LA GINESTE
2853;CHÂTEAU DE CALLAC
2854;L'IMPRESSION DE MAUVESIN BARTON
2855;SAMPIERO CORSO
2856;SECRET BY FLASSANS
2857;CHÂTEAU LES PEYROULETS
2858;LES ROCHES DE YON-FIGEAC
2859;DOMAINE DU VAL LAMARTINIEN
2860;JEAN VICTOR SCHUTZ
2861;PINOT GRIS
2862;Château les grands Frenes
2863;LES DOUVES DE PAUILLAC
2864;CHÂTEAU PAILLET LABREDE
2865;LE CHARME DE LADOUYS
2866;ORIGINE
2867;Vendanges Préservées
2868;SAINT MAURICE
2869;SAINT-MAURICE DOMAINE DE LA BLACHETTE
2870;DOMAINE DE PECANY
2871;TOURNELLE DU PIN FIGEAC
2872;LE HAUT MEDOC DE LAGRANGE
2873;CRAZY TIGER
2874;CHÂTEAU MARTINET
2875;ERDINGER
2876;CHÂTEAU PEYROULEY
2877;Perfect Fit
2878;FESS NET
2879;Dr. Beckmann
2880;Emoji
2881;Glade
2883;FELIGHT
2884;BRASSERIE ST AUSTELL
2885;Guinness
2886;Cornet
2887;BRASSERIE ACHOUFFE
2888;BRASSERIE LINDEMANS
2889;BRASSERIE DUBUISSON
2890;Vedett
2891;Delirium
2892;GRANOLA
2893;CRUNCH
2894;Rigoni di Asiago
2895;CANTI
2896;BLASON DE BOURGOGNE
2897;Michel et Augustin
2898;Polette
2899;Larnaudie
2900;Label Rouge
2901;ISLA  DELICE
2902;IBASKI
2903;C'EST QUI LE PATRON
2904;VAIVAI
2905;LES EXPRESS
2906;ELPOZO
2907;MIX BUFFET
2908;VALENTINO
2909;PEPITO
2910;GOURMET GOLD
2911;KAIJI
2912;FOUNDER´S RESERVE
2913;AIR WICK
2914;CLIPPER
2915;MONSTER
2916;SEVEN-UP ZERO
2917;GOSSET
2918;MOUNTAIN DEW
2919;MALESAN BORDEAUX
2920;LES DELICES DE BELLE BRANCE
2921;KUHN RIKON
2922;C'EST QUI LE ÂTRON
2923;1664 BLANC
2924;TEISSEIRE ZERO
2925;ST SAGNOL 2016
2926;CHATEAU BELLEGRAVE 2015
2927;DOMAINE BASTIDE NEUVE 2016
2928;CHATEAU TEULON AQUILON 2015
2929;MONTALCOUR 2016
2930;ECLAT DU RHONE 2016
2931;AUCA 2016
2932;CLAN CAMPBELL DARK
2933;ALWAYS DISCREET
2934;CHATEAU LA GORDONNE
2935;GUINNESS HOP HOUSE 13 LAGER
2936;LAGUNITAS IPA
2937;COLOMBA
2938;BRUGGE TRIPEL
2939;GRAIN D'ORGE
2940;MEANTIME LONDON IPA
2941;ST STEFANUS
2942;PEDIGREE
2943;MAISON NET
2944;KROMBACHER
2945;INNIS & GUNN
2946;KEKETTE
2947;M DE FONDABET 2015
2948;BRASSERIE DU MONT BLANC
2949;SAINT-AMOUR 2016
2950;LEVRETTE
2951;COTEAUX D'AIX
2952;LUBARET 2016
2953;CHÂTEAU DE MERCEY
2954;PLESSIS-DUVAL 2017
2955;PLESSIS-DUVAL
2956;GUINEU WIPA
2957;PLEIN FRUIT
2958;CHÂTEAU DU TERTRE 2016
2959;CHÂTEAU MONT ROC 2015
2960;CHIANTI
2961;ROC DU BEL AIR
2962;SUPER CROIX
2963;DECOLOR STOP
2964;LA CHAPELLE DESPAGNET 2014
2965;SAINT-EMILION GRAND CRU
2966;TZARINE
2967;JAYONE
2968;ASHAI
2969;SKIPPY
2970;ORSAM
2971;ROTHSCHILD
2972;SPENCER
2973;KENTUCKY IPA
2974;FRONTIGNAN
2975;JAMESON PREMIUM
2976;J AND B
2977;BIC 3 SENSITIVE
2978;POST IT
2979;GLADE BY BREEZE
2980;EUGÈNE COLOR
2981;PLAX
2984;TRE VIGNETI
2985;Ajinomoto
2986;PANDORO
2987;TRAOU MAD
2988;TERRES ET CÉRÉALES BIO
2989;LA TISANIERE
2990;ELEPHANT 
2991;LES DELIOCES DE BELLE France
2992;CROIBLEU
2993;Mr.Freeze
2994;GRISBI
2995;De Cecco
2996;LES COMPTES DE PROVENCE
2997;CUEILLETTE DESCOURS
2998;Chemin de Papes
2999;BAVARIA 8.6 I.P.L
3000;LE PASSE TEMPS 2017
3001;LE CENGLE 2017
3002;Baron Philippe de Rothschild
3003;CHÂTEAU GUILLOTIN 2012
3004;DOMAINE BARRIERAS 2017
3005;CASILLERO DEL DIABLO
3006;UN AIR DE CAMPAGNE 2017
3007;TÊTE DE LINOTTE 2016
3008;MUSCADOR FRESH
3009;L'ARBRTE VERT
3010;SIANt-MARC
3011;BARISTA
3012;PICA
3013;ZED CANDY
3014;MONT-BLANC
3015;DENTALIFE
3016;FUZE TEA
3017;3M
3018;Evoluderm
